datetime,open,high,low,close,volume
2026-03-26T13:30:00+00:00,252.34999999999994,253.46999999999994,250.13999999999993,253.41999999999993,9588
2026-03-26T14:00:00+00:00,253.41999999999993,255.87999999999994,253.07999999999993,255.53999999999994,10204
2026-03-26T14:30:00+00:00,255.53999999999994,256.49999999999994,255.14999999999992,256.0299999999999,9754
2026-03-26T15:00:00+00:00,256.0299999999999,256.61999999999995,255.18999999999994,255.29999999999993,6573
2026-03-26T15:30:00+00:00,255.29999999999993,256.37999999999994,255.19999999999993,256.11999999999995,6240
2026-03-26T16:00:00+00:00,256.11999999999995,256.3399999999999,255.14999999999992,255.72999999999993,5706
2026-03-26T16:30:00+00:00,255.72999999999993,256.0299999999999,255.23999999999992,255.89999999999992,5617
2026-03-26T17:00:00+00:00,255.89999999999992,256.0799999999999,254.19999999999993,254.58999999999995,5081
2026-03-26T17:30:00+00:00,254.58999999999995,254.69999999999993,253.26999999999992,253.41999999999993,5347
2026-03-26T18:00:00+00:00,253.41999999999993,254.71999999999994,253.00999999999993,253.46999999999994,5894
2026-03-26T18:30:00+00:00,253.46999999999994,254.13999999999993,253.43999999999994,253.96999999999994,3522
2026-03-26T19:00:00+00:00,253.96999999999994,254.10999999999993,252.78999999999994,253.31999999999994,5482
2026-03-26T19:30:00+00:00,253.31999999999994,253.34999999999994,251.64999999999992,252.61999999999995,7530
2026-03-27T13:30:00+00:00,252.61999999999995,254.95999999999992,252.39999999999992,254.55999999999995,8917
2026-03-27T14:00:00+00:00,254.55999999999995,255.09999999999994,253.55999999999995,254.06999999999994,9874
2026-03-27T14:30:00+00:00,254.06999999999994,254.31999999999994,251.40999999999994,252.89999999999992,8207
2026-03-27T15:00:00+00:00,252.89999999999992,253.05999999999995,251.57999999999993,252.25999999999993,8581
2026-03-27T15:30:00+00:00,252.25999999999993,252.87999999999994,251.74999999999994,252.35999999999993,6657
2026-03-27T16:00:00+00:00,252.35999999999993,252.52999999999994,251.31999999999994,251.37999999999994,5208
2026-03-27T16:30:00+00:00,251.37999999999994,252.38999999999993,251.33999999999995,252.04999999999993,4846
2026-03-27T17:00:00+00:00,252.04999999999993,252.28999999999994,249.98999999999992,250.02999999999994,5232
2026-03-27T17:30:00+00:00,250.02999999999994,250.20999999999992,248.99999999999994,249.44999999999993,4957
2026-03-27T18:00:00+00:00,249.44999999999993,249.57999999999993,248.26999999999992,249.00999999999993,5020
2026-03-27T18:30:00+00:00,249.00999999999993,249.14999999999992,248.23999999999992,248.28999999999994,4419
2026-03-27T19:00:00+00:00,248.28999999999994,248.83999999999995,247.88999999999993,248.04999999999993,5873
2026-03-27T19:30:00+00:00,248.04999999999993,248.93999999999994,247.71999999999994,248.30999999999995,8250
2026-03-30T13:30:00+00:00,248.30999999999995,251.23999999999995,247.63999999999996,248.27999999999994,10750
2026-03-30T14:00:00+00:00,248.27999999999994,248.92999999999995,247.85999999999996,248.48999999999995,10692
2026-03-30T14:30:00+00:00,248.48999999999995,248.68999999999994,246.70999999999995,247.18999999999994,10768
2026-03-30T15:00:00+00:00,247.18999999999994,247.68999999999994,246.82999999999996,247.18999999999994,9349
2026-03-30T15:30:00+00:00,247.18999999999994,247.87999999999997,246.97999999999996,247.52999999999994,8527
2026-03-30T16:00:00+00:00,247.52999999999994,247.68999999999994,246.62999999999997,246.69999999999996,6938
2026-03-30T16:30:00+00:00,246.69999999999996,248.09999999999997,246.62999999999997,247.98999999999995,5713
2026-03-30T17:00:00+00:00,247.98999999999995,248.11999999999995,246.62999999999997,246.87999999999997,6996
2026-03-30T17:30:00+00:00,246.87999999999997,247.99999999999994,246.66999999999996,247.56999999999996,7424
2026-03-30T18:00:00+00:00,247.56999999999996,247.83999999999995,247.04999999999995,247.17999999999995,5322
2026-03-30T18:30:00+00:00,247.17999999999995,247.48999999999995,246.81999999999996,247.40999999999997,5075
2026-03-30T19:00:00+00:00,247.40999999999997,247.49999999999994,246.49999999999994,246.54999999999995,9861
2026-03-30T19:30:00+00:00,246.54999999999995,247.72999999999996,246.18999999999994,247.43999999999994,10831
2026-03-31T13:30:00+00:00,247.43999999999994,249.93999999999994,247.43999999999994,249.47999999999996,8706
2026-03-31T14:00:00+00:00,249.47999999999996,249.78999999999996,248.58999999999995,249.61999999999995,8110
2026-03-31T14:30:00+00:00,249.61999999999995,249.69999999999996,247.77999999999994,247.96999999999994,7704
2026-03-31T15:00:00+00:00,247.96999999999994,249.56999999999996,247.93999999999994,249.08999999999995,8268
2026-03-31T15:30:00+00:00,249.08999999999995,249.71999999999994,248.30999999999995,249.27999999999994,7498
2026-03-31T16:00:00+00:00,249.27999999999994,251.36999999999995,249.15999999999997,251.00999999999996,6074
2026-03-31T16:30:00+00:00,251.00999999999996,253.94999999999996,250.84999999999997,253.79999999999995,13964
2026-03-31T17:00:00+00:00,253.79999999999995,254.59999999999997,253.21999999999994,253.85999999999996,10657
2026-03-31T17:30:00+00:00,253.85999999999996,254.60999999999996,253.06999999999996,253.18999999999994,9685
2026-03-31T18:00:00+00:00,253.18999999999994,254.05999999999995,253.18999999999994,253.78999999999996,6346
2026-03-31T18:30:00+00:00,253.78999999999996,254.60999999999996,253.68999999999994,254.40999999999997,4825
2026-03-31T19:00:00+00:00,254.40999999999997,254.80999999999995,254.09999999999997,254.30999999999995,6161
2026-03-31T19:30:00+00:00,254.30999999999995,256.15999999999997,253.94999999999996,254.45999999999995,9825
2026-04-01T13:30:00+00:00,254.45999999999995,256.76,254.45999999999995,255.26999999999998,9678
2026-04-01T14:00:00+00:00,255.26999999999998,255.79,254.55999999999997,254.79999999999998,9445
2026-04-01T14:30:00+00:00,254.79999999999998,255.07,253.98999999999998,254.76,7771
2026-04-01T15:00:00+00:00,254.76,255.41,254.46999999999997,254.82999999999998,5058
2026-04-01T15:30:00+00:00,254.82999999999998,255.51,254.42999999999998,255.29,4491
2026-04-01T16:00:00+00:00,255.29,255.48,254.76,255.07999999999998,3353
2026-04-01T16:30:00+00:00,255.07999999999998,255.64,254.85999999999999,255.29,2713
2026-04-01T17:00:00+00:00,255.29,256.0799999999999,255.17,255.76999999999995,2610
2026-04-01T17:30:00+00:00,255.76999999999995,255.95999999999995,255.40999999999997,255.43999999999994,3219
2026-04-01T18:00:00+00:00,255.43999999999994,255.58999999999995,254.76999999999995,254.98999999999995,5579
2026-04-01T18:30:00+00:00,254.98999999999995,255.38999999999996,254.63999999999996,255.01999999999995,4998
2026-04-01T19:00:00+00:00,255.01999999999995,256.34999999999997,255.01999999999995,256.31999999999994,4723
2026-04-01T19:30:00+00:00,256.31999999999994,256.81999999999994,255.70000000000002,256.36999999999995,6919
2026-04-02T13:30:00+00:00,256.36999999999995,256.36999999999995,251.31999999999996,253.17999999999995,8123
2026-04-02T14:00:00+00:00,253.17999999999995,253.45999999999995,251.83999999999995,252.75999999999996,7761
2026-04-02T14:30:00+00:00,252.75999999999996,256.06999999999994,252.63999999999996,256.06999999999994,10585.955933103265
2026-04-02T15:00:00+00:00,256.06999999999994,256.40999999999997,255.11999999999995,255.80999999999995,6224
2026-04-02T15:30:00+00:00,255.80999999999995,255.88999999999993,255.02999999999994,255.24999999999994,5588
2026-04-02T16:00:00+00:00,255.24999999999994,255.43999999999994,254.69999999999993,254.78999999999994,5151
2026-04-02T16:30:00+00:00,254.78999999999994,255.64999999999995,254.75999999999993,255.13999999999993,4193
2026-04-02T17:00:00+00:00,255.13999999999993,256.18999999999994,254.85999999999993,256.00999999999993,4395
2026-04-02T17:30:00+00:00,256.00999999999993,256.1099999999999,254.98999999999992,255.29999999999993,4672
2026-04-02T18:00:00+00:00,255.29999999999993,255.98999999999992,255.28999999999994,255.84999999999994,4648
2026-04-02T18:30:00+00:00,255.84999999999994,256.1599999999999,255.45999999999992,255.96999999999997,3155
2026-04-02T19:00:00+00:00,255.96999999999997,256.38,255.70999999999995,255.81999999999996,6277
2026-04-02T19:30:00+00:00,255.81999999999996,256.84,255.47999999999993,256.56000000000006,8848
2026-04-06T13:30:00+00:00,256.56000000000006,260.71000000000004,256.56000000000006,260.61000000000007,8597
2026-04-06T14:00:00+00:00,260.61000000000007,262.71000000000004,259.6,262.46000000000004,8805
2026-04-06T14:30:00+00:00,262.46000000000004,262.85,260.40000000000003,260.59000000000003,7781
2026-04-06T15:00:00+00:00,260.59000000000003,260.82000000000005,259.6700000000001,259.93000000000006,5311
2026-04-06T15:30:00+00:00,259.93000000000006,260.31000000000006,259.70000000000005,260.19000000000005,4476
2026-04-06T16:00:00+00:00,260.19000000000005,260.34000000000003,259.4200000000001,259.72,3533
2026-04-06T16:30:00+00:00,259.72,260.26000000000005,259.50000000000006,259.6700000000001,3244
2026-04-06T17:00:00+00:00,259.6700000000001,259.75000000000006,258.57000000000005,259.4200000000001,4899
2026-04-06T17:30:00+00:00,259.4200000000001,259.65000000000003,258.82000000000005,258.86000000000007,3567
2026-04-06T18:00:00+00:00,258.86000000000007,260.09000000000003,258.5400000000001,259.95000000000005,4525
2026-04-06T18:30:00+00:00,259.95000000000005,260.06000000000006,259.53000000000003,259.86000000000007,2791
2026-04-06T19:00:00+00:00,259.86000000000007,259.96000000000004,258.71000000000004,258.94000000000005,3446
2026-04-06T19:30:00+00:00,258.94000000000005,259.77000000000004,258.82000000000005,259.63000000000005,4753
2026-04-07T13:30:00+00:00,259.63000000000005,259.63000000000005,249.70000000000005,249.96000000000004,9490
2026-04-07T14:00:00+00:00,249.96000000000004,250.38000000000005,248.27000000000004,248.35000000000005,8096
2026-04-07T14:30:00+00:00,248.35000000000005,248.81000000000006,246.70000000000005,246.86000000000004,6948
2026-04-07T15:00:00+00:00,246.86000000000004,248.55000000000004,246.39000000000004,248.49000000000004,6858
2026-04-07T15:30:00+00:00,248.49000000000004,249.21000000000004,248.09000000000006,249.15000000000006,4854
2026-04-07T16:00:00+00:00,249.15000000000006,250.99000000000004,249.14000000000004,250.84000000000006,5855
2026-04-07T16:30:00+00:00,250.84000000000006,251.07000000000005,250.35000000000005,250.73000000000005,4091
2026-04-07T17:00:00+00:00,250.73000000000005,253.96000000000004,250.45000000000005,252.29000000000005,6232
2026-04-07T17:30:00+00:00,252.29000000000005,253.42000000000004,251.99000000000004,252.41000000000005,4752
2026-04-07T18:00:00+00:00,252.41000000000005,252.68000000000006,251.98000000000005,252.04000000000005,3571
2026-04-07T18:30:00+00:00,252.04000000000005,252.27000000000004,250.80000000000004,251.03000000000006,4199
2026-04-07T19:00:00+00:00,251.03000000000006,253.20000000000005,250.89000000000004,252.63000000000005,8183
2026-04-07T19:30:00+00:00,252.63000000000005,254.32000000000005,252.14000000000004,254.26000000000005,10170
2026-04-08T13:30:00+00:00,254.26000000000005,259.44000000000005,254.26000000000005,259.22,8966
2026-04-08T14:00:00+00:00,259.22,260.44000000000005,258.74000000000007,258.7900000000001,7564
2026-04-08T14:30:00+00:00,258.7900000000001,259.61000000000007,258.32000000000005,259.61000000000007,7087.090425531915
2026-04-08T15:00:00+00:00,259.61000000000007,260.2200000000001,258.2200000000001,258.2200000000001,5792
2026-04-08T15:30:00+00:00,258.2200000000001,259.11000000000007,258.0600000000001,258.3000000000001,4213
2026-04-08T16:00:00+00:00,258.3000000000001,258.9000000000001,257.7900000000001,258.1000000000001,3988
2026-04-08T16:30:00+00:00,258.1000000000001,259.4000000000001,258.0800000000001,259.1200000000001,3525
2026-04-08T17:00:00+00:00,259.1200000000001,259.3400000000001,258.2100000000001,258.2200000000001,3718
2026-04-08T17:30:00+00:00,258.2200000000001,258.86000000000007,258.0900000000001,258.4100000000001,3532
2026-04-08T18:00:00+00:00,258.4100000000001,258.6500000000001,257.61000000000007,257.9100000000001,5087
2026-04-08T18:30:00+00:00,257.9100000000001,258.4300000000001,257.8200000000001,258.1000000000001,4014
2026-04-08T19:00:00+00:00,258.1000000000001,258.5500000000001,257.7900000000001,257.9100000000001,6210
2026-04-08T19:30:00+00:00,257.9100000000001,259.7600000000001,257.8700000000001,259.7600000000001,7655
2026-04-09T13:30:00+00:00,259.7600000000001,260.6400000000001,256.81000000000006,256.9200000000001,6036
2026-04-09T14:00:00+00:00,256.9200000000001,258.8800000000001,256.7900000000001,258.5300000000001,5362
2026-04-09T14:30:00+00:00,258.5300000000001,258.9600000000001,258.0400000000001,258.3400000000001,3955
2026-04-09T15:00:00+00:00,258.3400000000001,258.6300000000001,258.0600000000001,258.2200000000001,3773
2026-04-09T15:30:00+00:00,258.2200000000001,259.4100000000001,258.1600000000001,259.3500000000001,5285
2026-04-09T16:00:00+00:00,259.3500000000001,260.1900000000001,259.3100000000001,259.8300000000001,4071
2026-04-09T16:30:00+00:00,259.8300000000001,260.36000000000007,259.4900000000001,260.11000000000007,3030
2026-04-09T17:00:00+00:00,260.11000000000007,261.2400000000001,260.11000000000007,260.7700000000001,3102
2026-04-09T17:30:00+00:00,260.7700000000001,261.1500000000001,260.5000000000001,260.6500000000001,2787
2026-04-09T18:00:00+00:00,260.6500000000001,260.7600000000001,259.9800000000001,260.3300000000001,3765
2026-04-09T18:30:00+00:00,260.3300000000001,260.6700000000001,260.1600000000001,260.5800000000001,2708
2026-04-09T19:00:00+00:00,260.5800000000001,261.0500000000001,260.5300000000001,260.7700000000001,3741
2026-04-09T19:30:00+00:00,260.7700000000001,261.7400000000001,260.7200000000001,261.1000000000001,5345
2026-04-10T13:30:00+00:00,261.1000000000001,261.4200000000001,259.7300000000001,261.0300000000001,5929
2026-04-10T14:00:00+00:00,261.0300000000001,262.5400000000001,260.8900000000001,262.2800000000001,4821
2026-04-10T14:30:00+00:00,262.2800000000001,262.86000000000007,262.11000000000007,262.46000000000004,4066.1219774314886
2026-04-10T15:00:00+00:00,262.46000000000004,262.58000000000004,261.91,262.05000000000007,3863
2026-04-10T15:30:00+00:00,262.05000000000007,262.52000000000004,261.51000000000005,261.6,4150
2026-04-10T16:00:00+00:00,261.6,261.83000000000004,261.20000000000005,261.30000000000007,3066
2026-04-10T16:30:00+00:00,261.30000000000007,261.34000000000003,260.54,261.04,2755
2026-04-10T17:00:00+00:00,261.04,261.04,259.97,260.02000000000004,2444
2026-04-10T17:30:00+00:00,260.02000000000004,260.61000000000007,259.79,260.44000000000005,2102
2026-04-10T18:00:00+00:00,260.44000000000005,260.91,260.17,260.90000000000003,2109
2026-04-10T18:30:00+00:00,260.90000000000003,260.97,260.45000000000005,260.50000000000006,1761
2026-04-10T19:00:00+00:00,260.50000000000006,260.77000000000004,260.12000000000006,260.50000000000006,3246
2026-04-10T19:30:00+00:00,260.50000000000006,261.31000000000006,260.07000000000005,261.22,4534
2026-04-13T13:30:00+00:00,261.22,261.22,257.97,258.30000000000007,6613
2026-04-13T14:00:00+00:00,258.30000000000007,258.77000000000004,257.42,258.08000000000004,6103
2026-04-13T14:30:00+00:00,258.08000000000004,258.6,257.86000000000007,258.57000000000005,4954
2026-04-13T15:00:00+00:00,258.57000000000005,258.64000000000004,257.98,258.47,5009
2026-04-13T15:30:00+00:00,258.47,258.53000000000003,257.62000000000006,257.79,4077
2026-04-13T16:00:00+00:00,257.79,258.64000000000004,257.54,258.54,5440
2026-04-13T16:30:00+00:00,258.54,259.1,258.27000000000004,258.61000000000007,6620
2026-04-13T17:00:00+00:00,258.61000000000007,258.98,258.42,258.61000000000007,3264
2026-04-13T17:30:00+00:00,258.61000000000007,258.70000000000005,258.28000000000003,258.36000000000007,3240
2026-04-13T18:00:00+00:00,258.36000000000007,258.96000000000004,258.34000000000003,258.64000000000004,2311
2026-04-13T18:30:00+00:00,258.64000000000004,259.26000000000005,258.6,259.14000000000004,2876
2026-04-13T19:00:00+00:00,259.14000000000004,259.17,258.57000000000005,258.6,2682
2026-04-13T19:30:00+00:00,258.6,260.36000000000007,258.36000000000007,259.97,5512
2026-04-14T13:30:00+00:00,259.97,262.67,259.78000000000003,260.20000000000005,7112
2026-04-14T14:00:00+00:00,260.20000000000005,261.13000000000005,259.80000000000007,260.09000000000003,5037
2026-04-14T14:30:00+00:00,260.09000000000003,260.20000000000005,258.43000000000006,258.61000000000007,4477
2026-04-14T15:00:00+00:00,258.61000000000007,258.95000000000005,258.37000000000006,258.78000000000003,3945
2026-04-14T15:30:00+00:00,258.78000000000003,259.11000000000007,258.40000000000003,258.51000000000005,3565
2026-04-14T16:00:00+00:00,258.51000000000005,258.65000000000003,257.95000000000005,258.46000000000004,2356
2026-04-14T16:30:00+00:00,258.46000000000004,260.49000000000007,258.40000000000003,260.09000000000003,3478
2026-04-14T17:00:00+00:00,260.09000000000003,260.52000000000004,259.30000000000007,259.43000000000006,2629
2026-04-14T17:30:00+00:00,259.43000000000006,259.44000000000005,258.52000000000004,259.16,2715
2026-04-14T18:00:00+00:00,259.16,259.76000000000005,259.14000000000004,259.54,2628
2026-04-14T18:30:00+00:00,259.54,259.59000000000003,258.67,258.76000000000005,2160
2026-04-14T19:00:00+00:00,258.76000000000005,259.45000000000005,258.52000000000004,259.08000000000004,2324
2026-04-14T19:30:00+00:00,259.08000000000004,259.66,258.91,259.66,3276
2026-04-15T13:30:00+00:00,259.66,261.06000000000006,258.53000000000003,259.36000000000007,9242
2026-04-15T14:00:00+00:00,259.36000000000007,261.81000000000006,259.34000000000003,261.47,6363
2026-04-15T14:30:00+00:00,261.47,264.08000000000004,261.18000000000006,263.7,5745.805778032037
2026-04-15T15:00:00+00:00,263.7,264.86,263.21,263.88,5837
2026-04-15T15:30:00+00:00,263.88,265.51,263.73,265.12,4775
2026-04-15T16:00:00+00:00,265.12,266.25,264.96999999999997,265.3,4039
2026-04-15T16:30:00+00:00,265.3,266.21,264.99,266.2,6159
2026-04-15T17:00:00+00:00,266.2,266.55,265.57,265.71,3728
2026-04-15T17:30:00+00:00,265.71,265.77,265.15,265.15999999999997,3013
2026-04-15T18:00:00+00:00,265.15999999999997,266.05,265.05,265.93,4142
2026-04-15T18:30:00+00:00,265.93,266.63,265.90999999999997,266.42,2516
2026-04-15T19:00:00+00:00,266.42,266.55,266.03,266.07,3946
2026-04-15T19:30:00+00:00,266.07,267.31,266,267.15999999999997,5320
2026-04-16T13:30:00+00:00,267.15999999999997,267.79,262.77,263.1,11079
2026-04-16T14:00:00+00:00,263.1,263.35,262.06,262.8,8192
2026-04-16T14:30:00+00:00,262.8,263.1,262.02,262.61,6757
2026-04-16T15:00:00+00:00,262.61,263.49,262.58,262.94,6361
2026-04-16T15:30:00+00:00,262.94,264.39,262.9,264.28,5875
2026-04-16T16:00:00+00:00,264.28,265.15999999999997,264.21,264.84,4047
2026-04-16T16:30:00+00:00,264.84,264.93,263.92,263.96,6064
2026-04-16T17:00:00+00:00,263.96,264.46,263.85,264.29,5301
2026-04-16T17:30:00+00:00,264.29,264.59,264.01,264.55,3926
2026-04-16T18:00:00+00:00,264.55,264.92,264.07,264.35,5878
2026-04-16T18:30:00+00:00,264.35,265.12,264.24,265.06,3672
2026-04-16T19:00:00+00:00,265.06,265.31,264.24,264.39,4336
2026-04-16T19:30:00+00:00,264.39,264.87,264.04,264.12,4762
2026-04-17T13:30:00+00:00,264.12,270.53,264.12,269.68,9921
2026-04-17T14:00:00+00:00,269.68,270.17,269.26,269.33,7192
2026-04-17T14:30:00+00:00,269.33,271.23,269.2,271.02,5837.136705851275
2026-04-17T15:00:00+00:00,271.02,272.88,270.95,272.7,5683
2026-04-17T15:30:00+00:00,272.7,273.07,271.62,271.72999999999996,4835
2026-04-17T16:00:00+00:00,271.72999999999996,272.39,271.51,272.27,3861
2026-04-17T16:30:00+00:00,272.27,272.51,271.58,271.71999999999997,3254
2026-04-17T17:00:00+00:00,271.71999999999997,272.25,270.93,271.34999999999997,5486
2026-04-17T17:30:00+00:00,271.34999999999997,271.5,270.9,271,3945
2026-04-17T18:00:00+00:00,271,271.31,270.68,270.89,4154
2026-04-17T18:30:00+00:00,270.89,271.58,270.56,270.89,3181
2026-04-17T19:00:00+00:00,270.89,270.9,270.28999999999996,270.46999999999997,3275
2026-04-17T19:30:00+00:00,270.46999999999997,271.31,270.40999999999997,270.94,4866
2026-04-20T13:30:00+00:00,270.94,274.84999999999997,270.94,274.69,8740
2026-04-20T14:00:00+00:00,274.69,275.03999999999996,273.94,274.15,6209
2026-04-20T14:30:00+00:00,274.15,274.28999999999996,272.86,273.15999999999997,7315
2026-04-20T15:00:00+00:00,273.15999999999997,273.71999999999997,272.46999999999997,273.64,6574
2026-04-20T15:30:00+00:00,273.64,273.65999999999997,272.83,273.53,4368
2026-04-20T16:00:00+00:00,273.53,273.63,272.91999999999996,273.31,3636
2026-04-20T16:30:00+00:00,273.31,273.89,273.12,273.14,3249
2026-04-20T17:00:00+00:00,273.14,273.41999999999996,272.58,272.94,2852
2026-04-20T17:30:00+00:00,272.94,273.75,272.71999999999997,273.75,2572
2026-04-20T18:00:00+00:00,273.75,274.41999999999996,273.53,274.22999999999996,3120
2026-04-20T18:30:00+00:00,274.22999999999996,274.24,273.72999999999996,273.75,2606
2026-04-20T19:00:00+00:00,273.75,274.03999999999996,273.40999999999997,273.46,2257
2026-04-20T19:30:00+00:00,273.46,273.95,273.03,273.71,4381
2026-04-21T13:30:00+00:00,273.71,273.71,271.28,272.56,7167
2026-04-21T14:00:00+00:00,272.56,272.82,270.13,270.37,4238
2026-04-21T14:30:00+00:00,270.37,270.62,269.5,269.56,4433
2026-04-21T15:00:00+00:00,269.56,269.81,268.52,268.65999999999997,5216
2026-04-21T15:30:00+00:00,268.65999999999997,268.78999999999996,267.33,267.47999999999996,4636
2026-04-21T16:00:00+00:00,267.47999999999996,267.97999999999996,266.57,266.64,4626
2026-04-21T16:30:00+00:00,266.64,267.12,266.15,267.11,3941
2026-04-21T17:00:00+00:00,267.11,267.62,266.53999999999996,266.88,4606
2026-04-21T17:30:00+00:00,266.88,267.78,266.8,267.13,4187
2026-04-21T18:00:00+00:00,267.13,267.64,266.96999999999997,267.15999999999997,2603
2026-04-21T18:30:00+00:00,267.15999999999997,268.64,267.14,268.62,3780
2026-04-21T19:00:00+00:00,268.62,268.95,268.37,268.75,2691
2026-04-21T19:30:00+00:00,268.75,268.75,266.58,266.9,5749
2026-04-22T13:30:00+00:00,266.9,269.86,266.9,269.22999999999996,6767
2026-04-22T14:00:00+00:00,269.22999999999996,272.71999999999997,269.14,272.7,6782
2026-04-22T14:30:00+00:00,272.7,273.33,271.71999999999997,272.03,6748.5936626281455
2026-04-22T15:00:00+00:00,272.03,273.55,272.02,273.19,5291
2026-04-22T15:30:00+00:00,273.19,274.06,273.08,273.82,4888
2026-04-22T16:00:00+00:00,273.82,274.3,273.37,273.46,4062
2026-04-22T16:30:00+00:00,273.46,273.73,273.17,273.31,4138
2026-04-22T17:00:00+00:00,273.31,274.21999999999997,273.26,274.06,4007
2026-04-22T17:30:00+00:00,274.06,274.5,273.95,274.3,2802
2026-04-22T18:00:00+00:00,274.3,274.56,273.4,273.51,3284
2026-04-22T18:30:00+00:00,273.51,273.6,272.92,273.2,3220
2026-04-22T19:00:00+00:00,273.2,273.64,273.07,273.52,3952
2026-04-22T19:30:00+00:00,273.52,274.06,273.33,273.99,4245
2026-04-23T13:30:00+00:00,273.99,276.56,273.93,274.5,6753
2026-04-23T14:00:00+00:00,274.5,275.39,274.21,274.75,6830
2026-04-23T14:30:00+00:00,274.75,275.13,274.15,274.71999999999997,4654
2026-04-23T15:00:00+00:00,274.71999999999997,274.94,274.08,274.45,4051
2026-04-23T15:30:00+00:00,274.45,275.21999999999997,273.83,274.16,4393
2026-04-23T16:00:00+00:00,274.16,274.49,273.88,274.4,3316
2026-04-23T16:30:00+00:00,274.4,274.46,273.76,273.84,2506
2026-04-23T17:00:00+00:00,273.84,273.86,272.9,273.01,8100
2026-04-23T17:30:00+00:00,273.01,273.87,272.43,273.74,10111
2026-04-23T18:00:00+00:00,273.74,274.58,273.67,274.49,6335
2026-04-23T18:30:00+00:00,274.49,275.04,274.3,274.69,4343
2026-04-23T19:00:00+00:00,274.69,275.37,274.61,274.96,4288
2026-04-23T19:30:00+00:00,274.96,275.07,273.85,274.24,5581
2026-04-24T13:30:00+00:00,274.24,274.24,270.87,272.46999999999997,6012
2026-04-24T14:00:00+00:00,272.46999999999997,273.21999999999997,271.69,272.88,5724
2026-04-24T14:30:00+00:00,272.88,273.37,272.11,272.28000000000003,6070.163314447593
2026-04-24T15:00:00+00:00,272.28000000000003,272.44000000000005,271.40000000000003,271.51000000000005,4719
2026-04-24T15:30:00+00:00,271.51000000000005,272.01000000000005,270.64000000000004,271.84000000000003,6894
2026-04-24T16:00:00+00:00,271.84000000000003,272.52000000000004,271.54,271.85,3770
2026-04-24T16:30:00+00:00,271.85,272.00000000000006,270.90000000000003,271.29,3095
2026-04-24T17:00:00+00:00,271.29,271.45000000000005,270.49,270.91,3386
2026-04-24T17:30:00+00:00,270.91,271.08000000000004,270.59000000000003,270.62000000000006,3348
2026-04-24T18:00:00+00:00,270.62000000000006,271.05,270.54,270.8,3180
2026-04-24T18:30:00+00:00,270.8,271.22,270.69000000000005,270.91,2279
2026-04-24T19:00:00+00:00,270.91,271.22,270.74,270.92,3125
2026-04-24T19:30:00+00:00,270.92,272.18000000000006,270.84000000000003,271.85,4782
2026-04-27T13:30:00+00:00,271.85,271.85,265.91,268.94000000000005,11278
2026-04-27T14:00:00+00:00,268.94000000000005,269.04,267.94000000000005,268.14000000000004,7395
2026-04-27T14:30:00+00:00,268.14000000000004,268.62000000000006,267.51000000000005,267.99,6171
2026-04-27T15:00:00+00:00,267.99,268.39000000000004,267.45000000000005,267.95000000000005,5420
2026-04-27T15:30:00+00:00,267.95000000000005,268.47,267.51000000000005,267.62000000000006,4339
2026-04-27T16:00:00+00:00,267.62000000000006,267.85,267.09000000000003,267.15000000000003,3240
2026-04-27T16:30:00+00:00,267.15000000000003,267.51000000000005,267.11,267.27000000000004,3177
2026-04-27T17:00:00+00:00,267.27000000000004,267.86,267.20000000000005,267.67,3347
2026-04-27T17:30:00+00:00,267.67,267.90000000000003,267.18000000000006,267.31000000000006,3227
2026-04-27T18:00:00+00:00,267.31000000000006,267.48,266.93000000000006,267.19000000000005,2867
2026-04-27T18:30:00+00:00,267.19000000000005,267.35,266.96000000000004,267.24,2547
2026-04-27T19:00:00+00:00,267.24,268.05,267.14000000000004,268.00000000000006,3097
2026-04-27T19:30:00+00:00,268.00000000000006,268.79,267.89000000000004,268.47,5767
2026-04-28T13:30:00+00:00,268.47,273.82000000000005,268.47,270.69000000000005,10847
2026-04-28T14:00:00+00:00,270.69000000000005,272.24,270.47,272.09000000000003,6914
2026-04-28T14:30:00+00:00,272.09000000000003,272.56000000000006,271.48,271.94000000000005,10735
2026-04-28T15:00:00+00:00,271.94000000000005,272.67,271.14000000000004,271.14000000000004,8157
2026-04-28T15:30:00+00:00,271.14000000000004,271.39000000000004,270.31000000000006,270.51000000000005,6113
2026-04-28T16:00:00+00:00,270.51000000000005,271.01000000000005,270.17,270.32000000000005,3994
2026-04-28T16:30:00+00:00,270.32000000000005,270.95000000000005,270.27000000000004,270.78000000000003,4292
2026-04-28T17:00:00+00:00,270.78000000000003,270.98,270.34000000000003,270.68000000000006,3927
2026-04-28T17:30:00+00:00,270.68000000000006,271.49,270.6,271.31000000000006,3420
2026-04-28T18:00:00+00:00,271.31000000000006,271.67,270.93000000000006,271.32000000000005,3993
2026-04-28T18:30:00+00:00,271.32000000000005,271.38000000000005,270.73,270.91,2809
2026-04-28T19:00:00+00:00,270.91,271.46000000000004,270.85,271.01000000000005,4089
2026-04-28T19:30:00+00:00,271.01000000000005,271.78000000000003,270.84000000000003,271.59000000000003,5393
2026-04-29T13:30:00+00:00,271.59000000000003,271.59000000000003,267.85,270.07000000000005,7299
2026-04-29T14:00:00+00:00,270.07000000000005,271.13000000000005,269.85,270.21000000000004,5561
2026-04-29T14:30:00+00:00,270.21000000000004,270.76000000000005,269.86,270.14000000000004,4235.251882845188
2026-04-29T15:00:00+00:00,270.14000000000004,270.26,269.56,269.68,3978
2026-04-29T15:30:00+00:00,269.68,270.13,268.98,269.48,5364
2026-04-29T16:00:00+00:00,269.48,270.92,269.47,270.67,3672
2026-04-29T16:30:00+00:00,270.67,271.88,270.58000000000004,271.83000000000004,3945
2026-04-29T17:00:00+00:00,271.83000000000004,271.84000000000003,270.77000000000004,271.04,3917
2026-04-29T17:30:00+00:00,271.04,271.43,270.95000000000005,271.04,3346
2026-04-29T18:00:00+00:00,271.04,271.11,270.47,270.58000000000004,5234
2026-04-29T18:30:00+00:00,270.58000000000004,271.03000000000003,270.22,270.87,5681
2026-04-29T19:00:00+00:00,270.87,271.29,270.87,271.12,5287
2026-04-29T19:30:00+00:00,271.12,271.22,270.46000000000004,271.12,5633
2026-04-30T13:30:00+00:00,271.12,271.62,268.99,271.38,9015
2026-04-30T14:00:00+00:00,271.38,273.01,271.35,272.74,10524
2026-04-30T14:30:00+00:00,272.74,273.07,271.58000000000004,271.70000000000005,9188
2026-04-30T15:00:00+00:00,271.70000000000005,272.47,271.59000000000003,272.37,7282
2026-04-30T15:30:00+00:00,272.37,272.83000000000004,272.03000000000003,272.79,5558
2026-04-30T16:00:00+00:00,272.79,273.95000000000005,272.6,273.87,4274
2026-04-30T16:30:00+00:00,273.87,274.6,272.54,272.83000000000004,5232
2026-04-30T17:00:00+00:00,272.83000000000004,273.66,272.52000000000004,273.61,4490
2026-04-30T17:30:00+00:00,273.61,274.72,273.59000000000003,274.47,4325
2026-04-30T18:00:00+00:00,274.47,275.06,274.3,274.44,3854
2026-04-30T18:30:00+00:00,274.44,274.79,273.90000000000003,273.94,4103
2026-04-30T19:00:00+00:00,273.94,275.35,273.68,275.34000000000003,6698
2026-04-30T19:30:00+00:00,275.34000000000003,276.78000000000003,271.16,272.39000000000004,9765
2026-05-01T13:30:00+00:00,272.39000000000004,285.59000000000003,272.39000000000004,284.77000000000004,11467
2026-05-01T14:00:00+00:00,284.77000000000004,288.03000000000003,284.67,286.19,9774
2026-05-01T14:30:00+00:00,286.19,286.40000000000003,282.87,283.4,7779.070894592574
2026-05-01T15:00:00+00:00,283.4,285.03,282.21999999999997,284.68999999999994,6108
2026-05-01T15:30:00+00:00,284.68999999999994,286.24999999999994,283.98999999999995,285.48999999999995,5299
2026-05-01T16:00:00+00:00,285.48999999999995,285.77,284.09999999999997,284.73999999999995,4478
2026-05-01T16:30:00+00:00,284.73999999999995,284.9,283.15999999999997,283.9,4044
2026-05-01T17:00:00+00:00,283.9,284.28999999999996,283.18999999999994,283.58,3232
2026-05-01T17:30:00+00:00,283.58,283.60999999999996,282.18999999999994,282.26,3227
2026-05-01T18:00:00+00:00,282.26,282.34,281.41999999999996,281.97999999999996,3877
2026-05-01T18:30:00+00:00,281.97999999999996,282.02,280.93999999999994,281.21999999999997,3224
2026-05-01T19:00:00+00:00,281.21999999999997,281.67999999999995,280.52,281.11999999999995,3781
2026-05-01T19:30:00+00:00,281.11999999999995,281.47999999999996,280.40999999999997,280.85999999999996,5877
2026-05-04T13:30:00+00:00,280.85999999999996,281.27,276.2,276.21999999999997,8311
2026-05-04T14:00:00+00:00,276.21999999999997,277.23999999999995,275.65,277.04999999999995,5922
2026-05-04T14:30:00+00:00,277.04999999999995,278.77,276.85999999999996,278.08,5218
2026-05-04T15:00:00+00:00,278.08,278.64,277.46,277.57,5804
2026-05-04T15:30:00+00:00,277.57,278.13,277.23999999999995,277.64,4808
2026-05-04T16:00:00+00:00,277.64,277.66999999999996,276.2,276.88,5116
2026-05-04T16:30:00+00:00,276.88,277.85999999999996,276.76,277.59,3284
2026-05-04T17:00:00+00:00,277.59,278.13,277.54999999999995,277.83,2906
2026-05-04T17:30:00+00:00,277.83,278.08,277.48999999999995,277.84999999999997,2318
2026-05-04T18:00:00+00:00,277.84999999999997,278.2,277.40999999999997,277.53,2257
2026-05-04T18:30:00+00:00,277.53,277.72999999999996,277.03999999999996,277.45,2092
2026-05-04T19:00:00+00:00,277.45,278.45,277.24999999999994,277.88,3189
2026-05-04T19:30:00+00:00,277.88,278.09999999999997,277.26,277.68999999999994,3787
2026-05-05T13:30:00+00:00,277.68999999999994,280.72999999999996,277.30999999999995,280.27,7202
2026-05-05T14:00:00+00:00,280.27,282.13,279.60999999999996,281.96,6383
2026-05-05T14:30:00+00:00,281.96,283.98999999999995,280.68999999999994,281.17999999999995,6479
2026-05-05T15:00:00+00:00,281.17999999999995,281.77,280.48999999999995,281.01,4356
2026-05-05T15:30:00+00:00,281.01,281.10999999999996,280.61999999999995,280.96,2491
2026-05-05T16:00:00+00:00,280.96,282.34,280.78999999999996,282.16999999999996,2684
2026-05-05T16:30:00+00:00,282.16999999999996,283.46,282.09,283.28,3250
2026-05-05T17:00:00+00:00,283.28,285.29999999999995,282.45,283.59999999999997,3477
2026-05-05T17:30:00+00:00,283.59999999999997,284.13,283.14,284.09999999999997,2581
2026-05-05T18:00:00+00:00,284.09999999999997,285.04999999999995,284.02,285.03,2532
2026-05-05T18:30:00+00:00,285.03,285.03999999999996,284.18999999999994,284.46,2211
2026-05-05T19:00:00+00:00,284.46,285.23999999999995,284.46,284.97999999999996,2370
2026-05-05T19:30:00+00:00,284.97999999999996,285.10999999999996,284.16999999999996,284.97999999999996,4629
2026-05-06T13:30:00+00:00,284.97999999999996,286.99999999999994,281.84999999999997,286.84999999999997,8959
2026-05-06T14:00:00+00:00,286.84999999999997,287.48999999999995,286.30999999999995,286.85999999999996,6730
2026-05-06T14:30:00+00:00,286.85999999999996,287.11999999999995,285.36999999999995,285.66999999999996,6316.098079916969
2026-05-06T15:00:00+00:00,285.66999999999996,286.21999999999997,284.69,285.46999999999997,5141
2026-05-06T15:30:00+00:00,285.46999999999997,286.84999999999997,285.45,286.38,4462
2026-05-06T16:00:00+00:00,286.38,287.2,286.03999999999996,287.03,3281
2026-05-06T16:30:00+00:00,287.03,287.95,286.53999999999996,287.02,2807
2026-05-06T17:00:00+00:00,287.02,287.84999999999997,286.59,287.57,2814
2026-05-06T17:30:00+00:00,287.57,288.59999999999997,287.43,288.5,2413
2026-05-06T18:00:00+00:00,288.5,288.68,287.53999999999996,288.02,2145
2026-05-06T18:30:00+00:00,288.02,288.2,287.48999999999995,288.12,2113
2026-05-06T19:00:00+00:00,288.12,288.72999999999996,288.01,288.59999999999997,2372
2026-05-06T19:30:00+00:00,288.59999999999997,288.71999999999997,287.85999999999996,288.37,3809
2026-05-07T13:30:00+00:00,288.37,291.87,288.37,291.81,6068
2026-05-07T14:00:00+00:00,291.81,292.93,290.57,291.28999999999996,6684
2026-05-07T14:30:00+00:00,291.28999999999996,291.94,290.73999999999995,291.75,4287
2026-05-07T15:00:00+00:00,291.75,292.2,291,291,3897
2026-05-07T15:30:00+00:00,291,291.56,289.96,290.10999999999996,3935
2026-05-07T16:00:00+00:00,290.10999999999996,290.52,289.62,290.25,4910
2026-05-07T16:30:00+00:00,290.25,290.48999999999995,289.07,289.46,3476
2026-05-07T17:00:00+00:00,289.46,290.34999999999997,289.29999999999995,289.54999999999995,4508
2026-05-07T17:30:00+00:00,289.54999999999995,289.98999999999995,288.76,289.90999999999997,3912
2026-05-07T18:00:00+00:00,289.90999999999997,290.54999999999995,289.09,289.09,3005
2026-05-07T18:30:00+00:00,289.09,289.15999999999997,287.68,288.25,3888
2026-05-07T19:00:00+00:00,288.25,288.26,286.62,287.53,4925
2026-05-07T19:30:00+00:00,287.53,288.40999999999997,287.12,288.34,4899
2026-05-08T13:30:00+00:00,288.34,295.34999999999997,288.34,294.76,7337
2026-05-08T14:00:00+00:00,294.76,294.78999999999996,293.35999999999996,294.62,6012
2026-05-08T14:30:00+00:00,294.62,295.59999999999997,294.21999999999997,294.41999999999996,5354.632826920346
2026-05-08T15:00:00+00:00,294.41999999999996,295.12999999999994,293.2799999999999,293.68999999999994,4114
2026-05-08T15:30:00+00:00,293.68999999999994,293.88999999999993,293.05999999999995,293.13999999999993,3294
2026-05-08T16:00:00+00:00,293.13999999999993,293.79999999999995,293.11999999999995,293.62999999999994,2327
2026-05-08T16:30:00+00:00,293.62999999999994,293.65999999999997,292.74999999999994,292.9599999999999,3080
2026-05-08T17:00:00+00:00,292.9599999999999,293.4599999999999,292.62999999999994,292.97999999999996,2710
2026-05-08T17:30:00+00:00,292.97999999999996,293.50999999999993,292.92999999999995,293.00999999999993,2147
2026-05-08T18:00:00+00:00,293.00999999999993,293.74999999999994,292.8999999999999,293.5799999999999,2330
2026-05-08T18:30:00+00:00,293.5799999999999,293.8299999999999,293.2699999999999,293.7699999999999,2305
2026-05-08T19:00:00+00:00,293.7699999999999,294.47999999999996,293.42999999999995,294.28999999999996,3036
2026-05-08T19:30:00+00:00,294.28999999999996,295.12999999999994,293.88999999999993,294.0199999999999,4274
2026-05-11T13:30:00+00:00,294.0199999999999,294.0199999999999,291.09999999999997,292.44999999999993,7013
2026-05-11T14:00:00+00:00,292.44999999999993,294.0299999999999,292.1499999999999,292.87999999999994,5218
2026-05-11T14:30:00+00:00,292.87999999999994,293.94999999999993,292.63999999999993,293.36999999999995,4508
2026-05-11T15:00:00+00:00,293.36999999999995,294.44999999999993,293.12999999999994,294.21999999999997,3670
2026-05-11T15:30:00+00:00,294.21999999999997,294.72999999999996,293.31999999999994,293.3999999999999,3042
2026-05-11T16:00:00+00:00,293.3999999999999,293.3999999999999,292.68999999999994,293.29999999999995,2119
2026-05-11T16:30:00+00:00,293.29999999999995,293.56999999999994,291.47999999999996,291.67999999999995,2711
2026-05-11T17:00:00+00:00,291.67999999999995,292.88999999999993,291.5299999999999,292.81999999999994,2488
2026-05-11T17:30:00+00:00,292.81999999999994,293.04999999999995,292.59999999999997,292.93999999999994,1695
2026-05-11T18:00:00+00:00,292.93999999999994,293.84999999999997,292.59999999999997,292.59999999999997,2167
2026-05-11T18:30:00+00:00,292.59999999999997,292.80999999999995,292.0199999999999,292.24999999999994,2091
2026-05-11T19:00:00+00:00,292.24999999999994,293.0799999999999,291.72999999999996,293.04999999999995,3157
2026-05-11T19:30:00+00:00,293.04999999999995,293.72999999999996,292.66999999999996,293.7099999999999,4245
2026-05-12T13:30:00+00:00,293.7099999999999,295.0199999999999,293.43999999999994,294.88999999999993,7487
2026-05-12T14:00:00+00:00,294.88999999999993,295.66999999999996,293.99999999999994,294.7799999999999,6661
2026-05-12T14:30:00+00:00,294.7799999999999,295.71999999999997,294.12999999999994,295.71999999999997,5481
2026-05-12T15:00:00+00:00,295.71999999999997,295.7799999999999,294.63999999999993,295.2099999999999,5565
2026-05-12T15:30:00+00:00,295.2099999999999,295.3399999999999,294.2799999999999,295.3399999999999,4379
2026-05-12T16:00:00+00:00,295.3399999999999,295.6499999999999,294.44999999999993,294.7799999999999,3226
2026-05-12T16:30:00+00:00,294.7799999999999,295.46999999999997,294.37999999999994,294.7699999999999,3596
2026-05-12T17:00:00+00:00,294.7699999999999,295.43999999999994,294.22999999999996,294.74999999999994,3219
2026-05-12T17:30:00+00:00,294.74999999999994,295.31999999999994,294.54999999999995,295.16999999999996,2608
2026-05-12T18:00:00+00:00,295.16999999999996,295.5299999999999,294.7099999999999,295.49999999999994,2211
2026-05-12T18:30:00+00:00,295.49999999999994,295.49999999999994,294.87999999999994,295.29999999999995,2410
2026-05-12T19:00:00+00:00,295.29999999999995,295.78999999999996,295.05999999999995,295.68999999999994,2635
2026-05-12T19:30:00+00:00,295.68999999999994,296.09999999999997,295.16999999999996,295.81999999999994,3954
2026-05-13T13:30:00+00:00,295.81999999999994,298.38999999999993,294.19999999999993,296.25999999999993,8845
2026-05-13T14:00:00+00:00,296.25999999999993,296.94999999999993,295.97999999999996,296.0299999999999,6258
2026-05-13T14:30:00+00:00,296.0299999999999,297.55999999999995,296.00999999999993,297.3699999999999,4187.602543006731
2026-05-13T15:00:00+00:00,297.3699999999999,298.1099999999999,297.0899999999999,297.8099999999999,3333
2026-05-13T15:30:00+00:00,297.8099999999999,298.8499999999999,297.57999999999987,297.7399999999999,3391
2026-05-13T16:00:00+00:00,297.7399999999999,299.4099999999999,297.6199999999999,299.26999999999987,2662
2026-05-13T16:30:00+00:00,299.26999999999987,300.2799999999999,299.1699999999999,299.9999999999999,3277
2026-05-13T17:00:00+00:00,299.9999999999999,301.2099999999999,299.9599999999999,300.9899999999999,3537
2026-05-13T17:30:00+00:00,300.9899999999999,301.7799999999999,300.7099999999999,301.0099999999999,3342
2026-05-13T18:00:00+00:00,301.0099999999999,301.32999999999987,300.5699999999999,300.5999999999999,2902
2026-05-13T18:30:00+00:00,300.5999999999999,300.5999999999999,300.07999999999987,300.2599999999999,2461
2026-05-13T19:00:00+00:00,300.2599999999999,300.3999999999999,299.4599999999999,300.01999999999987,3010
2026-05-13T19:30:00+00:00,300.01999999999987,300.3499999999999,299.6399999999999,299.8199999999999,4635
2026-05-14T13:30:00+00:00,299.8199999999999,301.1299999999999,298.0299999999999,298.1899999999999,7223
2026-05-14T14:00:00+00:00,298.1899999999999,299.6499999999999,297.9599999999999,298.7999999999999,5571
2026-05-14T14:30:00+00:00,298.7999999999999,299.7499999999999,298.4199999999999,299.4899999999999,4595
2026-05-14T15:00:00+00:00,299.4899999999999,300.3399999999999,298.5699999999999,299.9199999999999,3892
2026-05-14T15:30:00+00:00,299.9199999999999,300.2399999999999,299.6199999999999,300.0299999999999,3074
2026-05-14T16:00:00+00:00,300.0299999999999,300.0399999999999,299.1199999999999,299.1799999999999,2344
2026-05-14T16:30:00+00:00,299.1799999999999,299.3899999999999,296.2599999999999,298.4599999999999,4510
2026-05-14T17:00:00+00:00,298.4599999999999,299.2899999999999,298.1999999999999,299.2599999999999,3969
2026-05-14T17:30:00+00:00,299.2599999999999,299.4899999999999,298.7599999999999,299.0499999999999,2865
2026-05-14T18:00:00+00:00,299.0499999999999,299.3399999999999,298.3899999999999,299.1899999999999,2403
2026-05-14T18:30:00+00:00,299.1899999999999,299.6399999999999,299.0899999999999,299.4199999999999,1707
2026-05-14T19:00:00+00:00,299.4199999999999,300.0699999999999,299.3399999999999,299.9399999999999,2176
2026-05-14T19:30:00+00:00,299.9399999999999,299.9499999999999,298.6999999999999,299.0299999999999,3448
2026-05-15T13:30:00+00:00,299.0299999999999,299.5099999999999,297.3799999999999,298.9299999999999,6912
2026-05-15T14:00:00+00:00,298.9299999999999,300.6599999999999,298.3799999999999,300.0999999999999,6110
2026-05-15T14:30:00+00:00,300.0999999999999,302.0999999999999,300.0499999999999,301.7799999999999,5663
2026-05-15T15:00:00+00:00,301.7799999999999,303.6299999999999,301.7799999999999,302.7799999999999,5525
2026-05-15T15:30:00+00:00,302.7799999999999,303.4399999999999,301.4899999999999,301.9199999999999,4681
2026-05-15T16:00:00+00:00,301.9199999999999,302.7899999999999,301.6099999999999,302.6299999999999,3548
2026-05-15T16:30:00+00:00,302.6299999999999,303.4599999999999,302.2999999999999,302.8599999999999,3439
2026-05-15T17:00:00+00:00,302.8599999999999,304.07999999999987,302.6199999999999,303.9199999999999,2972
2026-05-15T17:30:00+00:00,303.9199999999999,303.9799999999999,302.9699999999999,303.1099999999999,2437
2026-05-15T18:00:00+00:00,303.1099999999999,303.3399999999999,301.9699999999999,302.1299999999999,2614
2026-05-15T18:30:00+00:00,302.1299999999999,302.57999999999987,301.3799999999999,302.5399999999999,2582
2026-05-15T19:00:00+00:00,302.5399999999999,302.6199999999999,300.7299999999999,301.1299999999999,3129
2026-05-15T19:30:00+00:00,301.1299999999999,301.51999999999987,300.4899999999999,301.1199999999999,5219
2026-05-18T13:30:00+00:00,301.1199999999999,301.3999999999999,298.1499999999999,298.9299999999999,8031
2026-05-18T14:00:00+00:00,298.9299999999999,299.3399999999999,297.5299999999999,298.9499999999999,7208
2026-05-18T14:30:00+00:00,298.9499999999999,299.4099999999999,297.6699999999999,299.07999999999987,10394
2026-05-18T15:00:00+00:00,299.07999999999987,299.0999999999999,296.3199999999999,296.3399999999999,8414
2026-05-18T15:30:00+00:00,296.3399999999999,297.2399999999999,296.1399999999999,296.6999999999999,7410
2026-05-18T16:00:00+00:00,296.6999999999999,297.6499999999999,295.8799999999999,296.0999999999999,6832
2026-05-18T16:30:00+00:00,296.0999999999999,296.9999999999999,295.76999999999987,296.7499999999999,7186
2026-05-18T17:00:00+00:00,296.7499999999999,297.3899999999999,296.3199999999999,297.0499999999999,5886
2026-05-18T17:30:00+00:00,297.0499999999999,297.3699999999999,296.6699999999999,297.1499999999999,5341
2026-05-18T18:00:00+00:00,297.1499999999999,297.5399999999999,296.3799999999999,296.9099999999999,6594
2026-05-18T18:30:00+00:00,296.9099999999999,297.2399999999999,296.3199999999999,296.7999999999999,6756
2026-05-18T19:00:00+00:00,296.7999999999999,298.57999999999987,296.6299999999999,297.9499999999999,7407
2026-05-18T19:30:00+00:00,297.9499999999999,298.7899999999999,297.7599999999999,298.7899999999999,7854
2026-05-19T13:30:00+00:00,298.7899999999999,301.3199999999999,297.0699999999999,299.8799999999999,8230
2026-05-19T14:00:00+00:00,299.8799999999999,299.9699999999999,297.6899999999999,297.76999999999987,9032
2026-05-19T14:30:00+00:00,297.76999999999987,298.3899999999999,297.3899999999999,298.3599999999999,7938
2026-05-19T15:00:00+00:00,298.3599999999999,298.6099999999999,297.8199999999999,297.9399999999999,6191
2026-05-19T15:30:00+00:00,297.9399999999999,298.4299999999999,297.7199999999999,298.1099999999999,5297
2026-05-19T16:00:00+00:00,298.1099999999999,298.3499999999999,297.2199999999999,298.2799999999999,4426
2026-05-19T16:30:00+00:00,298.2799999999999,299.5899999999999,298.1999999999999,299.4499999999999,3561
2026-05-19T17:00:00+00:00,299.4499999999999,299.5999999999999,299.01999999999987,299.0999999999999,3653
2026-05-19T17:30:00+00:00,299.0999999999999,299.32999999999987,298.6299999999999,299.2299999999999,3355
2026-05-19T18:00:00+00:00,299.2299999999999,299.3099999999999,298.7399999999999,298.7499999999999,3519
2026-05-19T18:30:00+00:00,298.7499999999999,298.7599999999999,298.3399999999999,298.4899999999999,3532
2026-05-19T19:00:00+00:00,298.4899999999999,299.2999999999999,298.3699999999999,299.2499999999999,3599
2026-05-19T19:30:00+00:00,299.2499999999999,300.0899999999999,298.6699999999999,299.9599999999999,6098
2026-05-20T13:30:00+00:00,299.9599999999999,303.1899999999999,298.8999999999999,301.0499999999999,7790
2026-05-20T14:00:00+00:00,301.0499999999999,301.1899999999999,300.01999999999987,300.3199999999999,8079
2026-05-20T14:30:00+00:00,300.3199999999999,301.3199999999999,299.9399999999999,300.7899999999999,7540.921394395078
2026-05-20T15:00:00+00:00,300.7899999999999,301.3899999999999,299.9199999999999,300.0399999999999,7972
2026-05-20T15:30:00+00:00,300.0399999999999,300.1999999999999,299.52999999999986,300.0599999999999,4722
2026-05-20T16:00:00+00:00,300.0599999999999,301.1999999999999,299.8099999999999,300.8799999999999,5246
2026-05-20T16:30:00+00:00,300.8799999999999,301.6999999999999,300.4299999999999,301.57999999999987,5396
2026-05-20T17:00:00+00:00,301.57999999999987,302.1399999999999,300.9099999999999,301.8799999999999,4932
2026-05-20T17:30:00+00:00,301.8799999999999,302.52999999999986,301.76999999999987,302.3899999999999,3069
2026-05-20T18:00:00+00:00,302.3899999999999,302.5999999999999,302.0099999999999,302.3099999999999,3943
2026-05-20T18:30:00+00:00,302.3099999999999,303.1899999999999,302.2999999999999,303.0599999999999,3215
2026-05-20T19:00:00+00:00,303.0599999999999,303.6899999999999,302.3599999999999,303.0499999999999,3427
2026-05-20T19:30:00+00:00,303.0499999999999,303.33999999999986,302.7299999999999,303.0999999999999,4351
2026-05-21T13:30:00+00:00,303.0999999999999,303.9399999999999,301.1299999999999,303.58999999999986,7273
2026-05-21T14:00:00+00:00,303.58999999999986,303.70999999999987,302.1799999999999,302.7899999999999,6814
2026-05-21T14:30:00+00:00,302.7899999999999,303.45999999999987,302.4499999999999,303.02999999999986,6875
2026-05-21T15:00:00+00:00,303.02999999999986,304.2399999999999,302.52999999999986,303.9199999999999,7034
2026-05-21T15:30:00+00:00,303.9199999999999,305.1099999999999,303.7399999999999,304.6399999999999,5117
2026-05-21T16:00:00+00:00,304.6399999999999,305.0399999999999,304.1399999999999,304.4499999999999,4082
2026-05-21T16:30:00+00:00,304.4499999999999,304.6799999999999,303.9099999999999,304.2599999999999,3195
2026-05-21T17:00:00+00:00,304.2599999999999,305.5499999999999,304.2599999999999,305.4899999999999,6729
2026-05-21T17:30:00+00:00,305.4899999999999,305.9399999999999,305.27999999999986,305.7999999999999,4224
2026-05-21T18:00:00+00:00,305.7999999999999,305.95999999999987,305.1999999999999,305.4499999999999,4376
2026-05-21T18:30:00+00:00,305.4499999999999,305.6799999999999,304.7599999999999,305.08999999999986,5919
2026-05-21T19:00:00+00:00,305.08999999999986,306.2199999999999,304.9199999999999,306.0999999999999,4040
2026-05-21T19:30:00+00:00,306.0999999999999,306.4099999999999,305.2899999999999,305.9799999999999,4687
2026-05-22T13:30:00+00:00,305.9799999999999,309.8199999999999,305.9799999999999,309.51999999999987,9308
2026-05-22T14:00:00+00:00,309.51999999999987,310.14999999999986,308.82999999999987,309.51999999999987,7669
2026-05-22T14:30:00+00:00,309.51999999999987,311.3499999999999,309.4699999999999,311.1899999999999,7848
2026-05-22T15:00:00+00:00,311.1899999999999,312.2599999999999,311.02999999999986,311.8599999999999,6902
2026-05-22T15:30:00+00:00,311.8599999999999,311.89999999999986,310.70999999999987,310.8699999999999,5913
2026-05-22T16:00:00+00:00,310.8699999999999,311.39999999999986,310.57999999999987,310.7899999999999,5535
2026-05-22T16:30:00+00:00,310.7899999999999,310.8499999999999,309.6799999999999,309.8799999999999,4771
2026-05-22T17:00:00+00:00,309.8799999999999,310.7499999999999,309.83999999999986,310.6899999999999,6110
2026-05-22T17:30:00+00:00,310.6899999999999,311.01999999999987,310.1599999999999,310.3099999999999,5423
2026-05-22T18:00:00+00:00,310.3099999999999,310.39999999999986,309.82999999999987,310.20999999999987,3953
2026-05-22T18:30:00+00:00,310.20999999999987,310.4499999999999,309.9499999999999,310.1899999999999,4017
2026-05-22T19:00:00+00:00,310.1899999999999,310.2599999999999,309.51999999999987,309.5499999999999,4529
2026-05-22T19:30:00+00:00,309.5499999999999,310.08999999999986,308.7199999999999,309.83999999999986,5119
2026-05-26T13:30:00+00:00,309.83999999999986,312.2499999999999,309.83999999999986,311.77999999999986,8751
2026-05-26T14:00:00+00:00,311.77999999999986,312.70999999999987,310.7599999999999,312.58999999999986,7572
2026-05-26T14:30:00+00:00,312.58999999999986,312.6799999999999,311.6899999999999,312.3799999999999,5950
2026-05-26T15:00:00+00:00,312.3799999999999,312.6599999999999,311.9899999999999,312.1699999999999,5462
2026-05-26T15:30:00+00:00,312.1699999999999,312.4199999999999,310.8699999999999,311.01999999999987,5799
2026-05-26T16:00:00+00:00,311.01999999999987,311.6099999999999,310.6299999999999,311.3699999999999,4925
2026-05-26T16:30:00+00:00,311.3699999999999,311.64999999999986,310.58999999999986,310.89999999999986,3792
2026-05-26T17:00:00+00:00,310.89999999999986,311.1799999999999,309.89999999999986,309.9899999999999,3198
2026-05-26T17:30:00+00:00,309.9899999999999,310.7299999999999,309.9399999999999,310.6799999999999,2620
2026-05-26T18:00:00+00:00,310.6799999999999,311.0699999999999,310.3799999999999,310.6399999999999,2487
2026-05-26T18:30:00+00:00,310.6399999999999,310.9299999999999,309.9799999999999,310.0399999999999,2741
2026-05-26T19:00:00+00:00,310.0399999999999,310.1099999999999,308.9399999999999,309.2199999999999,3497
2026-05-26T19:30:00+00:00,309.2199999999999,309.83999999999986,308.4799999999999,309.20999999999987,4460
2026-05-27T13:30:00+00:00,309.20999999999987,313.1999999999999,309.1599999999999,312.7199999999999,11652
2026-05-27T14:00:00+00:00,312.7199999999999,313.6099999999999,311.6799999999999,312.1599999999999,8548
2026-05-27T14:30:00+00:00,312.1599999999999,314.07999999999987,312.0499999999999,313.89999999999986,6890.7110776393265
2026-05-27T15:00:00+00:00,313.89999999999986,314.15999999999985,312.35999999999984,312.65999999999985,5462
2026-05-27T15:30:00+00:00,312.65999999999985,313.03999999999985,311.61999999999983,312.57999999999987,4719
2026-05-27T16:00:00+00:00,312.57999999999987,312.7599999999999,311.82999999999987,312.08999999999986,3841
2026-05-27T16:30:00+00:00,312.08999999999986,312.40999999999985,311.2599999999999,311.46999999999986,3055
2026-05-27T17:00:00+00:00,311.46999999999986,311.90999999999985,311.27999999999986,311.40999999999985,3149
2026-05-27T17:30:00+00:00,311.40999999999985,311.90999999999985,311.21999999999986,311.78999999999985,2592
2026-05-27T18:00:00+00:00,311.78999999999985,311.91999999999985,311.28999999999985,311.67999999999984,2610
2026-05-27T18:30:00+00:00,311.67999999999984,311.78999999999985,311.29999999999984,311.3899999999999,2274
2026-05-27T19:00:00+00:00,311.3899999999999,311.61999999999983,310.66999999999985,310.6899999999998,2981
2026-05-27T19:30:00+00:00,310.6899999999998,311.98999999999984,310.41999999999985,311.91999999999985,4076
2026-05-28T13:30:00+00:00,311.91999999999985,313.02999999999986,310.33999999999986,311.9499999999999,7855
2026-05-28T14:00:00+00:00,311.9499999999999,313.61999999999983,311.57999999999987,312.57999999999987,8000
2026-05-28T14:30:00+00:00,312.57999999999987,312.77999999999986,311.92999999999984,312.74999999999983,6661
2026-05-28T15:00:00+00:00,312.74999999999983,312.85999999999984,312.34999999999985,312.71999999999986,4096
2026-05-28T15:30:00+00:00,312.71999999999986,312.86999999999983,311.28999999999985,311.52999999999986,5078
2026-05-28T16:00:00+00:00,311.52999999999986,311.85999999999984,311.20999999999987,311.34999999999985,4650
2026-05-28T16:30:00+00:00,311.34999999999985,311.66999999999985,310.45999999999987,311.45999999999987,4751
2026-05-28T17:00:00+00:00,311.45999999999987,312.53999999999985,311.4399999999998,311.71999999999986,4380
2026-05-28T17:30:00+00:00,311.71999999999986,311.8899999999999,311.01999999999987,311.30999999999983,4086
2026-05-28T18:00:00+00:00,311.30999999999983,311.91999999999985,311.11999999999983,311.6999999999999,3269
2026-05-28T18:30:00+00:00,311.6999999999999,312.27999999999986,311.66999999999985,311.76999999999987,4157
2026-05-28T19:00:00+00:00,311.76999999999987,312.24999999999983,311.1399999999999,312.22999999999985,3369
2026-05-28T19:30:00+00:00,312.22999999999985,313.48999999999984,311.8799999999998,313.42999999999984,4128
2026-05-29T13:30:00+00:00,313.42999999999984,315.8899999999999,312.51999999999987,314.32999999999987,11160
2026-05-29T14:00:00+00:00,314.32999999999987,314.79999999999984,313.71999999999986,314.53999999999985,9017
2026-05-29T14:30:00+00:00,314.53999999999985,314.95999999999987,312.04999999999984,312.29999999999984,9386.321511389988
2026-05-29T15:00:00+00:00,312.29999999999984,312.9499999999998,311.3399999999998,312.55999999999983,7712
2026-05-29T15:30:00+00:00,312.55999999999983,312.9499999999998,311.5199999999998,311.53999999999985,5877
2026-05-29T16:00:00+00:00,311.53999999999985,312.41999999999985,311.3799999999998,312.05999999999983,5011
2026-05-29T16:30:00+00:00,312.05999999999983,312.6299999999998,311.7699999999998,311.9599999999998,3361
2026-05-29T17:00:00+00:00,311.9599999999998,312.03999999999985,311.1299999999998,311.34999999999985,3462
2026-05-29T17:30:00+00:00,311.34999999999985,311.42999999999984,310.4499999999998,310.48999999999984,3835
2026-05-29T18:00:00+00:00,310.48999999999984,311.28999999999985,310.4499999999998,311.15999999999985,4181
2026-05-29T18:30:00+00:00,311.15999999999985,311.7099999999998,311.10999999999984,311.47999999999985,4016
2026-05-29T19:00:00+00:00,311.47999999999985,312.5799999999998,311.4399999999998,312.36999999999983,3967
2026-05-29T19:30:00+00:00,312.36999999999983,313.96999999999986,312.22999999999985,312.98999999999984,5236
2026-06-01T13:30:00+00:00,312.98999999999984,312.98999999999984,309.4399999999998,310.9399999999998,8419
2026-06-01T14:00:00+00:00,310.9399999999998,311.16999999999985,308.72999999999985,308.73999999999984,7366
2026-06-01T14:30:00+00:00,308.73999999999984,309.3899999999998,307.48999999999984,307.8399999999998,7438
2026-06-01T15:00:00+00:00,307.8399999999998,308.4599999999998,307.24999999999983,307.47999999999985,5333
2026-06-01T15:30:00+00:00,307.47999999999985,308.1899999999998,307.3899999999998,307.7599999999998,5990
2026-06-01T16:00:00+00:00,307.7599999999998,307.8799999999998,306.3999999999998,306.65999999999985,5140
2026-06-01T16:30:00+00:00,306.65999999999985,307.4599999999998,306.5899999999998,307.1399999999998,4142
2026-06-01T17:00:00+00:00,307.1399999999998,307.4399999999998,305.96999999999986,307.34999999999985,4928
2026-06-01T17:30:00+00:00,307.34999999999985,309.3299999999998,307.23999999999984,308.65999999999985,6948
2026-06-01T18:00:00+00:00,308.65999999999985,308.8899999999998,308.2099999999998,308.74999999999983,3974
2026-06-01T18:30:00+00:00,308.74999999999983,309.23999999999984,308.23999999999984,308.46999999999986,4978
2026-06-01T19:00:00+00:00,308.46999999999986,308.98999999999984,308.28999999999985,308.34999999999985,4550
2026-06-01T19:30:00+00:00,308.34999999999985,308.9599999999998,306.73999999999984,307.2699999999998,5891
2026-06-02T13:30:00+00:00,307.2699999999998,310.74999999999983,307.2699999999998,309.96999999999986,10982
2026-06-02T14:00:00+00:00,309.96999999999986,311.3899999999998,309.4599999999998,311.28999999999985,7782
2026-06-02T14:30:00+00:00,311.28999999999985,311.67999999999984,310.15999999999985,311.4599999999998,6296
2026-06-02T15:00:00+00:00,311.4599999999998,313.84999999999985,311.3199999999998,313.6299999999998,5707
2026-06-02T15:30:00+00:00,313.6299999999998,314.0899999999998,313.2599999999998,313.35999999999984,5445
2026-06-02T16:00:00+00:00,313.35999999999984,313.78999999999985,312.9499999999998,313.41999999999985,4297
2026-06-02T16:30:00+00:00,313.41999999999985,315.3799999999998,312.8299999999998,315.23999999999984,4276
2026-06-02T17:00:00+00:00,315.23999999999984,315.9499999999998,315.0199999999998,315.54999999999984,5345
2026-06-02T17:30:00+00:00,315.54999999999984,316.3799999999998,315.2599999999998,315.65999999999985,4356
2026-06-02T18:00:00+00:00,315.65999999999985,315.85999999999984,314.6399999999998,315.15999999999985,3250
2026-06-02T18:30:00+00:00,315.15999999999985,315.80999999999983,315.09999999999985,315.5799999999998,2901
2026-06-02T19:00:00+00:00,315.5799999999998,316.15999999999985,315.5799999999998,315.6999999999998,2789
2026-06-02T19:30:00+00:00,315.6999999999998,316.3799999999998,314.9499999999998,316.1999999999998,4729
2026-06-03T13:30:00+00:00,316.1999999999998,317.84999999999985,314.90999999999985,315.7699999999998,9171
2026-06-03T14:00:00+00:00,315.7699999999998,316.8799999999998,315.10999999999984,315.24999999999983,6404
2026-06-03T14:30:00+00:00,315.24999999999983,315.55999999999983,312.02999999999986,312.41999999999985,5065.931189962752
2026-06-03T15:00:00+00:00,312.41999999999985,312.8399999999998,311.23999999999984,312.5799999999998,5418
2026-06-03T15:30:00+00:00,312.5799999999998,313.10999999999984,312.05999999999983,312.40999999999985,4303
2026-06-03T16:00:00+00:00,312.40999999999985,312.73999999999984,310.4399999999998,310.6999999999998,4300
2026-06-03T16:30:00+00:00,310.6999999999998,311.3799999999998,310.23999999999984,311.17999999999984,4118
2026-06-03T17:00:00+00:00,311.17999999999984,311.22999999999985,309.7699999999998,310.09999999999985,3788
2026-06-03T17:30:00+00:00,310.09999999999985,310.6299999999998,309.90999999999985,310.2599999999998,2702
2026-06-03T18:00:00+00:00,310.2599999999998,310.91999999999985,309.9499999999998,310.73999999999984,2893
2026-06-03T18:30:00+00:00,310.73999999999984,310.8799999999998,310.1999999999998,310.74999999999983,2437
2026-06-03T19:00:00+00:00,310.74999999999983,311.47999999999985,310.40999999999985,311.34999999999985,2692
2026-06-03T19:30:00+00:00,311.34999999999985,312.02999999999986,310.3899999999998,311.34999999999985,5396
2026-06-04T13:30:00+00:00,311.34999999999985,314.1399999999998,311.3399999999998,313.1999999999998,12110
2026-06-04T14:00:00+00:00,313.1999999999998,313.29999999999984,310.85999999999984,311.15999999999985,10022
2026-06-04T14:30:00+00:00,311.15999999999985,311.77999999999986,310.72999999999985,311.36999999999983,6695
2026-06-04T15:00:00+00:00,311.36999999999983,312.29999999999984,311.1299999999998,311.28999999999985,5596
2026-06-04T15:30:00+00:00,311.28999999999985,311.49999999999983,310.5799999999998,311.3199999999998,4526
2026-06-04T16:00:00+00:00,311.3199999999998,312.05999999999983,311.15999999999985,311.49999999999983,3681
2026-06-04T16:30:00+00:00,311.49999999999983,312.71999999999986,311.3799999999998,312.2699999999998,4220
2026-06-04T17:00:00+00:00,312.2699999999998,312.65999999999985,311.8999999999998,312.60999999999984,3439
2026-06-04T17:30:00+00:00,312.60999999999984,312.92999999999984,312.0799999999998,312.1399999999998,2884
2026-06-04T18:00:00+00:00,312.1399999999998,312.5699999999998,311.97999999999985,312.35999999999984,2482
2026-06-04T18:30:00+00:00,312.35999999999984,312.9399999999998,312.2599999999998,312.67999999999984,2508
2026-06-04T19:00:00+00:00,312.67999999999984,313.02999999999986,312.5699999999998,312.86999999999983,2598
2026-06-04T19:30:00+00:00,312.86999999999983,312.8999999999998,311.92999999999984,312.0199999999998,5246
2026-06-05T13:30:00+00:00,312.0199999999998,315.40999999999985,312.0199999999998,314.57999999999987,8954.73012462398
2026-06-05T14:00:00+00:00,314.57999999999987,316.07,313.4699999999999,314.3699999999999,6540.825167657891
2026-06-05T14:30:00+00:00,314.3699999999999,316.6399999999998,312.89999999999986,313.6099999999999,4577.076589374017
2026-06-05T15:00:00+00:00,313.6099999999999,314.22999999999985,313.06999999999977,313.7199999999998,4398.323308608942
2026-06-05T15:30:00+00:00,313.7199999999998,314.4199999999998,313.1199999999998,313.7099999999998,5279
2026-06-05T16:00:00+00:00,313.7099999999998,313.8299999999998,312.12999999999977,312.3099999999998,5161
2026-06-05T16:30:00+00:00,312.3099999999998,312.44999999999976,310.94999999999976,311.18999999999977,7457
2026-06-05T17:00:00+00:00,311.18999999999977,311.8099999999998,309.87999999999977,311.7699999999998,5681
2026-06-05T17:30:00+00:00,311.7699999999998,312.94999999999976,311.6599999999998,312.8299999999998,4356
2026-06-05T18:00:00+00:00,312.8299999999998,313.06999999999977,311.7699999999998,311.8099999999998,6002
2026-06-05T18:30:00+00:00,311.8099999999998,312.3299999999998,309.7399999999998,309.7699999999998,7900
2026-06-05T19:00:00+00:00,309.7699999999998,309.9799999999998,307.4199999999998,309.19999999999976,7516
2026-06-05T19:30:00+00:00,309.19999999999976,309.2999999999998,307.62999999999977,307.69999999999976,8099
2026-06-08T13:30:00+00:00,307.69999999999976,315.3999999999998,307.69999999999976,311.19999999999976,13472
2026-06-08T14:00:00+00:00,311.19999999999976,312.7399999999998,310.18999999999977,312.25999999999976,10792
2026-06-08T14:30:00+00:00,312.25999999999976,315.6199999999998,312.0399999999998,315.4799999999998,8804
2026-06-08T15:00:00+00:00,315.4799999999998,315.6199999999998,314.12999999999977,314.18999999999977,6904
2026-06-08T15:30:00+00:00,314.18999999999977,314.8599999999998,313.56999999999977,313.9099999999998,7774
2026-06-08T16:00:00+00:00,313.9099999999998,315.2799999999998,313.56999999999977,313.9099999999998,7160
2026-06-08T16:30:00+00:00,313.9099999999998,314.3599999999998,313.1399999999998,313.7899999999998,6765
2026-06-08T17:00:00+00:00,313.7899999999998,314.9299999999998,312.4999999999998,314.8699999999998,7906
2026-06-08T17:30:00+00:00,314.8699999999998,317.5999999999998,307.8599999999998,308.7299999999998,9869
2026-06-08T18:00:00+00:00,308.7299999999998,309.2899999999998,304.0299999999998,305.0499999999998,9348
2026-06-08T18:30:00+00:00,305.0499999999998,305.75999999999976,302.9599999999998,304.0899999999998,7688
2026-06-08T19:00:00+00:00,304.0899999999998,305.1499999999998,302.3499999999998,302.9699999999998,7268
2026-06-08T19:30:00+00:00,302.9699999999998,303.5399999999998,301.3999999999998,301.8699999999998,7611
2026-06-09T13:30:00+00:00,301.8699999999998,301.8699999999998,296.2199999999998,296.3999999999998,11147
2026-06-09T14:00:00+00:00,296.3999999999998,296.43999999999977,292.4799999999998,292.8099999999998,13951
2026-06-09T14:30:00+00:00,292.8099999999998,294.1699999999998,292.1199999999998,293.3999999999998,13428
2026-06-09T15:00:00+00:00,293.3999999999998,294.0199999999998,291.7899999999998,291.8599999999998,9182
2026-06-09T15:30:00+00:00,291.8599999999998,292.2799999999998,291.18999999999977,291.3299999999998,9799
2026-06-09T16:00:00+00:00,291.3299999999998,291.7799999999998,289.7499999999998,289.7499999999998,11519
2026-06-09T16:30:00+00:00,289.7499999999998,290.1199999999998,288.06999999999977,289.4799999999998,15384
2026-06-09T17:00:00+00:00,289.4799999999998,291.3999999999998,289.4299999999998,290.7399999999998,11986
2026-06-09T17:30:00+00:00,290.7399999999998,291.0599999999998,289.7699999999998,289.9699999999998,8836
2026-06-09T18:00:00+00:00,289.9699999999998,291.2499999999998,289.62999999999977,291.2499999999998,8237
2026-06-09T18:30:00+00:00,291.2499999999998,292.1099999999998,290.6499999999998,291.62999999999977,8532
2026-06-09T19:00:00+00:00,291.62999999999977,292.2199999999998,290.5599999999998,291.3899999999998,9263
2026-06-09T19:30:00+00:00,291.3899999999998,291.94999999999976,289.0799999999998,290.7399999999998,11862
2026-06-10T13:30:00+00:00,290.7399999999998,291.2399999999998,287.6499999999998,289.69999999999976,15473
2026-06-10T14:00:00+00:00,289.69999999999976,291.44999999999976,289.5899999999998,289.8599999999998,11050
2026-06-10T14:30:00+00:00,289.8599999999998,290.8899999999998,288.7099999999998,289.9799999999998,11710.23135755258
2026-06-10T15:00:00+00:00,289.9799999999998,290.94999999999976,289.37999999999977,290.26999999999975,13612
2026-06-10T15:30:00+00:00,290.26999999999975,291.8499999999998,290.02999999999975,291.5599999999998,15542
2026-06-10T16:00:00+00:00,291.5599999999998,292.0599999999998,290.81999999999977,292.0599999999998,11622
2026-06-10T16:30:00+00:00,292.0599999999998,293.2899999999998,291.6599999999998,292.58999999999975,11892
2026-06-10T17:00:00+00:00,292.58999999999975,293.50999999999976,292.01999999999975,293.4799999999998,10936
2026-06-10T17:30:00+00:00,293.4799999999998,294.37999999999977,292.81999999999977,294.27999999999975,10597
2026-06-10T18:00:00+00:00,294.27999999999975,295.0499999999998,294.1699999999998,294.6199999999998,8423
2026-06-10T18:30:00+00:00,294.6199999999998,294.6199999999998,292.9899999999998,293.14999999999975,7374
2026-06-10T19:00:00+00:00,293.14999999999975,293.62999999999977,291.8699999999998,292.2299999999998,7420
2026-06-10T19:30:00+00:00,292.2299999999998,293.2299999999998,291.68999999999977,291.75999999999976,9423
2026-06-11T13:30:00+00:00,291.75999999999976,294.27999999999975,290.6699999999998,291.8499999999998,10391
2026-06-11T14:00:00+00:00,291.8499999999998,292.07999999999976,290.06999999999977,290.87999999999977,11236
2026-06-11T14:30:00+00:00,290.87999999999977,291.43999999999977,289.89999999999975,290.1599999999998,9146
2026-06-11T15:00:00+00:00,290.1599999999998,292.1099999999998,290.0399999999998,291.4799999999998,9004
2026-06-11T15:30:00+00:00,291.4799999999998,293.8599999999998,291.3699999999998,293.68999999999977,8802
2026-06-11T16:00:00+00:00,293.68999999999977,294.25999999999976,292.8499999999998,293.27999999999975,7594
2026-06-11T16:30:00+00:00,293.27999999999975,294.81999999999977,293.18999999999977,294.0499999999998,6411
2026-06-11T17:00:00+00:00,294.0499999999998,296.26999999999975,293.3499999999998,296.1699999999998,8040
2026-06-11T17:30:00+00:00,296.1699999999998,297.2899999999998,295.7399999999998,296.1099999999998,10074
2026-06-11T18:00:00+00:00,296.1099999999998,296.7399999999998,295.4199999999998,295.8699999999998,8496
2026-06-11T18:30:00+00:00,295.8699999999998,296.37999999999977,295.43999999999977,295.4999999999998,5370
2026-06-11T19:00:00+00:00,295.4999999999998,295.9299999999998,295.31999999999977,295.6599999999998,6093
2026-06-11T19:30:00+00:00,295.6599999999998,296.4999999999998,294.9999999999998,295.7399999999998,10205
2026-06-12T13:30:00+00:00,295.7399999999998,297.3499999999998,291.31999999999977,291.33999999999975,17101
2026-06-12T14:00:00+00:00,291.33999999999975,293.52999999999975,290.9199999999998,292.25999999999976,9368
2026-06-12T14:30:00+00:00,292.25999999999976,292.62999999999977,290.32999999999976,291.9999999999998,9315.059229627717
2026-06-12T15:00:00+00:00,291.9999999999998,293.25999999999976,291.2999999999998,293.1499999999998,7150
2026-06-12T15:30:00+00:00,293.1499999999998,293.1599999999998,291.2999999999998,291.6099999999998,9568
2026-06-12T16:00:00+00:00,291.6099999999998,292.4999999999998,291.0999999999998,291.8299999999998,9099
2026-06-12T16:30:00+00:00,291.8299999999998,292.0299999999998,291.0399999999998,291.4099999999998,5840
2026-06-12T17:00:00+00:00,291.4099999999998,292.5299999999998,291.3499999999998,291.75999999999976,5361
2026-06-12T17:30:00+00:00,291.75999999999976,291.7999999999998,290.0999999999998,290.1799999999998,4533
2026-06-12T18:00:00+00:00,290.1799999999998,290.87999999999977,289.9199999999998,290.5299999999998,3977
2026-06-12T18:30:00+00:00,290.5299999999998,291.0499999999998,290.50999999999976,290.7699999999998,3343
2026-06-12T19:00:00+00:00,290.7699999999998,291.2799999999998,290.6499999999998,290.9099999999998,3736
2026-06-12T19:30:00+00:00,290.9099999999998,291.9299999999998,290.4699999999998,291.37999999999977,4791
2026-06-15T13:30:00+00:00,291.37999999999977,296.19999999999976,291.37999999999977,295.4699999999998,10923
2026-06-15T14:00:00+00:00,295.4699999999998,296.6099999999998,295.3399999999998,295.93999999999977,8494
2026-06-15T14:30:00+00:00,295.93999999999977,296.9999999999998,295.69999999999976,296.7999999999998,6879
2026-06-15T15:00:00+00:00,296.7999999999998,297.1799999999998,296.4299999999998,296.7999999999998,4183
2026-06-15T15:30:00+00:00,296.7999999999998,298.0599999999998,296.4899999999998,297.7799999999998,4258
2026-06-15T16:00:00+00:00,297.7799999999998,298.06999999999977,297.1599999999998,297.5299999999998,3314
2026-06-15T16:30:00+00:00,297.5299999999998,297.6499999999998,296.8499999999998,297.2499999999998,2478
2026-06-15T17:00:00+00:00,297.2499999999998,297.4999999999998,296.5499999999998,296.94999999999976,2954
2026-06-15T17:30:00+00:00,296.94999999999976,297.2899999999998,295.9099999999998,296.00999999999976,2723
2026-06-15T18:00:00+00:00,296.00999999999976,296.1199999999998,295.25999999999976,295.31999999999977,3452
2026-06-15T18:30:00+00:00,295.31999999999977,296.69999999999976,295.2999999999998,296.6399999999998,2750
2026-06-15T19:00:00+00:00,296.6399999999998,296.9099999999998,296.25999999999976,296.7799999999998,2712
2026-06-15T19:30:00+00:00,296.7799999999998,296.9599999999998,295.87999999999977,296.75999999999976,4693
2026-06-16T13:30:00+00:00,296.75999999999976,298.2299999999998,294.2499999999998,297.3399999999998,7939
2026-06-16T14:00:00+00:00,297.3399999999998,298.2799999999998,296.9999999999998,297.7699999999998,9706
2026-06-16T14:30:00+00:00,297.7699999999998,298.3099999999998,297.2199999999998,297.81999999999977,8146
2026-06-16T15:00:00+00:00,297.81999999999977,298.7199999999998,297.4799999999998,298.4299999999998,5933
2026-06-16T15:30:00+00:00,298.4299999999998,298.8499999999998,297.7999999999998,298.43999999999977,7079
2026-06-16T16:00:00+00:00,298.43999999999977,299.56999999999977,298.3499999999998,299.1799999999998,5644
2026-06-16T16:30:00+00:00,299.1799999999998,300.0499999999998,299.0799999999998,299.7299999999998,4967
2026-06-16T17:00:00+00:00,299.7299999999998,300.7399999999998,299.3599999999998,300.5799999999998,4026
2026-06-16T17:30:00+00:00,300.5799999999998,300.7499999999998,299.6499999999998,299.87999999999977,3788
2026-06-16T18:00:00+00:00,299.87999999999977,300.0499999999998,298.8499999999998,298.9699999999998,3143
2026-06-16T18:30:00+00:00,298.9699999999998,299.9199999999998,298.9099999999998,299.43999999999977,2981
2026-06-16T19:00:00+00:00,299.43999999999977,299.5399999999998,298.50999999999976,298.5399999999998,3918
2026-06-16T19:30:00+00:00,298.5399999999998,299.7699999999998,298.5199999999998,299.6199999999998,6475
2026-06-17T13:30:00+00:00,299.6199999999998,302.1699999999998,299.5199999999998,300.62999999999977,6992
2026-06-17T14:00:00+00:00,300.62999999999977,301.19999999999976,299.6799999999998,300.7299999999998,5172
2026-06-17T14:30:00+00:00,300.7299999999998,300.7999999999998,298.62999999999977,298.75999999999976,6055.4253544620515
2026-06-17T15:00:00+00:00,298.75999999999976,298.96999999999974,297.3699999999997,297.6799999999997,5013
2026-06-17T15:30:00+00:00,297.6799999999997,299.0599999999997,296.91999999999973,298.83999999999975,4618
2026-06-17T16:00:00+00:00,298.83999999999975,299.4399999999997,298.40999999999974,298.85999999999973,3339
2026-06-17T16:30:00+00:00,298.85999999999973,299.01999999999975,298.35999999999973,298.45999999999975,2711
2026-06-17T17:00:00+00:00,298.45999999999975,298.4899999999997,296.84999999999974,297.09999999999974,3853
2026-06-17T17:30:00+00:00,297.09999999999974,297.88999999999976,296.70999999999975,297.7499999999997,2782
2026-06-17T18:00:00+00:00,297.7499999999997,297.7999999999997,295.58999999999975,296.12999999999977,8310
2026-06-17T18:30:00+00:00,296.12999999999977,296.69999999999976,294.6199999999997,294.8699999999997,9301
2026-06-17T19:00:00+00:00,294.8699999999997,296.10999999999973,294.66999999999973,295.44999999999976,8695
2026-06-17T19:30:00+00:00,295.44999999999976,296.4999999999997,294.85999999999973,296.14999999999975,9890
2026-06-18T13:30:00+00:00,296.14999999999975,300.58999999999975,295.88999999999976,298.46999999999974,9796
2026-06-18T14:00:00+00:00,298.46999999999974,299.88999999999976,298.28999999999974,299.8699999999997,8390
2026-06-18T14:30:00+00:00,299.8699999999997,300.84999999999974,298.78999999999974,299.44999999999976,6793
2026-06-18T15:00:00+00:00,299.44999999999976,299.4899999999997,297.2399999999997,297.3699999999997,6362
2026-06-18T15:30:00+00:00,297.3699999999997,297.88999999999976,296.2399999999997,297.60999999999973,6127
2026-06-18T16:00:00+00:00,297.60999999999973,298.00999999999976,296.96999999999974,297.70999999999975,4529
2026-06-18T16:30:00+00:00,297.70999999999975,297.96999999999974,297.09999999999974,297.34999999999974,3645
2026-06-18T17:00:00+00:00,297.34999999999974,298.64999999999975,297.25999999999976,298.06999999999977,3459
2026-06-18T17:30:00+00:00,298.06999999999977,298.26999999999975,297.62999999999977,297.83999999999975,2903
2026-06-18T18:00:00+00:00,297.83999999999975,297.9399999999997,297.2999999999997,297.35999999999973,3446
2026-06-18T18:30:00+00:00,297.35999999999973,298.35999999999973,297.34999999999974,297.95999999999975,3079
2026-06-18T19:00:00+00:00,297.95999999999975,298.03999999999974,297.3099999999997,297.60999999999973,3054
2026-06-18T19:30:00+00:00,297.60999999999973,299.4999999999997,297.3099999999997,298.10999999999973,5247
2026-06-22T13:30:00+00:00,298.10999999999973,302.2999999999997,297.47999999999973,301.96999999999974,7834
2026-06-22T14:00:00+00:00,301.96999999999974,302.70999999999975,301.06999999999977,301.44999999999976,6253
2026-06-22T14:30:00+00:00,301.44999999999976,301.47999999999973,299.64999999999975,300.0499999999997,6898
2026-06-22T15:00:00+00:00,300.0499999999997,300.66999999999973,299.3099999999997,300.16999999999973,5808
2026-06-22T15:30:00+00:00,300.16999999999973,301.69999999999976,299.9999999999997,301.1799999999997,5125
2026-06-22T16:00:00+00:00,301.1799999999997,301.25999999999976,300.40999999999974,300.77999999999975,4734
2026-06-22T16:30:00+00:00,300.77999999999975,300.97999999999973,300.15999999999974,300.21999999999974,3732
2026-06-22T17:00:00+00:00,300.21999999999974,300.39999999999975,299.69999999999976,300.1199999999997,2920
2026-06-22T17:30:00+00:00,300.1199999999997,300.12999999999977,299.50999999999976,299.59999999999974,3343
2026-06-22T18:00:00+00:00,299.59999999999974,299.6199999999997,298.84999999999974,299.21999999999974,2649
2026-06-22T18:30:00+00:00,299.21999999999974,299.4999999999997,298.8699999999997,299.31999999999977,2295
2026-06-22T19:00:00+00:00,299.31999999999977,299.62999999999977,299.12999999999977,299.32999999999976,2627
2026-06-22T19:30:00+00:00,299.32999999999976,299.3699999999997,297.0599999999997,297.26999999999975,8043
2026-06-23T13:30:00+00:00,297.26999999999975,301.91999999999973,295.38999999999976,299.2999999999997,14055
2026-06-23T14:00:00+00:00,299.2999999999997,300.84999999999974,299.03999999999974,300.76999999999975,12161
2026-06-23T14:30:00+00:00,300.76999999999975,301.14999999999975,299.7999999999997,300.32999999999976,10418
2026-06-23T15:00:00+00:00,300.32999999999976,300.58999999999975,298.64999999999975,298.77999999999975,8762
2026-06-23T15:30:00+00:00,298.77999999999975,298.85999999999973,297.63999999999976,298.3099999999997,8165
2026-06-23T16:00:00+00:00,298.3099999999997,299.16999999999973,298.19999999999976,298.82999999999976,6171
2026-06-23T16:30:00+00:00,298.82999999999976,299.53999999999974,298.4899999999997,299.2499999999997,5407
2026-06-23T17:00:00+00:00,299.2499999999997,299.76999999999975,298.16999999999973,299.64999999999975,4598
2026-06-23T17:30:00+00:00,299.64999999999975,300.34999999999974,299.1799999999997,299.20999999999975,4755
2026-06-23T18:00:00+00:00,299.20999999999975,299.64999999999975,298.57999999999976,298.76999999999975,5007
2026-06-23T18:30:00+00:00,298.76999999999975,298.90999999999974,297.69999999999976,297.7999999999997,4989
2026-06-23T19:00:00+00:00,297.7999999999997,298.13999999999976,295.58999999999975,296.10999999999973,6201
2026-06-23T19:30:00+00:00,296.10999999999973,296.75999999999976,294.44999999999976,294.5499999999997,9063
2026-06-24T13:30:00+00:00,294.5499999999997,296.70999999999975,293.4399999999997,295.0499999999997,6652
2026-06-24T14:00:00+00:00,295.0499999999997,296.4899999999997,294.4999999999997,295.6899999999997,6231
2026-06-24T14:30:00+00:00,295.6899999999997,297.53999999999974,295.37999999999977,297.38999999999976,5226.001779359431
2026-06-24T15:00:00+00:00,297.38999999999976,299.20999999999975,296.95999999999975,299.09999999999974,5029
2026-06-24T15:30:00+00:00,299.09999999999974,300.02999999999975,298.40999999999974,299.75999999999976,4942
2026-06-24T16:00:00+00:00,299.75999999999976,299.8099999999998,298.13999999999976,298.38999999999976,3810
2026-06-24T16:30:00+00:00,298.38999999999976,298.38999999999976,297.16999999999973,297.6799999999998,4156
2026-06-24T17:00:00+00:00,297.6799999999998,297.70999999999975,296.13999999999976,296.71999999999974,4933
2026-06-24T17:30:00+00:00,296.71999999999974,297.18999999999977,295.89999999999975,295.91999999999973,5982
2026-06-24T18:00:00+00:00,295.91999999999973,296.7999999999997,295.7399999999997,296.3099999999998,4963
2026-06-24T18:30:00+00:00,296.3099999999998,296.51999999999975,294.4899999999997,295.50999999999976,5084
2026-06-24T19:00:00+00:00,295.50999999999976,295.76999999999975,295.0599999999998,295.26999999999975,4061
2026-06-24T19:30:00+00:00,295.26999999999975,295.70999999999975,293.2499999999998,293.62999999999977,6795
2026-06-25T13:30:00+00:00,293.62999999999977,293.62999999999977,277.97999999999973,279.18999999999977,16885
2026-06-25T14:00:00+00:00,279.18999999999977,280.4899999999997,277.78999999999974,279.93999999999977,14548
2026-06-25T14:30:00+00:00,279.93999999999977,280.35999999999973,277.8099999999998,277.9299999999998,15180
2026-06-25T15:00:00+00:00,277.9299999999998,278.40999999999974,276.75999999999976,277.93999999999977,13889
2026-06-25T15:30:00+00:00,277.93999999999977,279.95999999999975,277.87999999999977,278.16999999999973,14568
2026-06-25T16:00:00+00:00,278.16999999999973,278.50999999999976,274.7999999999997,274.8699999999998,12830
2026-06-25T16:30:00+00:00,274.8699999999998,275.46999999999974,274.08999999999975,275.44999999999976,12670
2026-06-25T17:00:00+00:00,275.44999999999976,278.66999999999973,275.2999999999997,278.3099999999998,11964
2026-06-25T17:30:00+00:00,278.3099999999998,278.44999999999976,276.4999999999998,277.07999999999976,12459
2026-06-25T18:00:00+00:00,277.07999999999976,280.50999999999976,276.5599999999998,279.65999999999974,14017
2026-06-25T18:30:00+00:00,279.65999999999974,280.5499999999997,279.13999999999976,279.70999999999975,11188
2026-06-25T19:00:00+00:00,279.70999999999975,279.76999999999975,276.3699999999998,277.0499999999997,12349
2026-06-25T19:30:00+00:00,277.0499999999997,277.6799999999998,274.2399999999997,275.51999999999975,13341
2026-06-26T13:30:00+00:00,275.51999999999975,278.44999999999976,274.53999999999974,275.94999999999976,9107
2026-06-26T14:00:00+00:00,275.94999999999976,279.25999999999976,275.8099999999998,278.5599999999998,8083
2026-06-26T14:30:00+00:00,278.5599999999998,280.53999999999974,278.40999999999974,280.14999999999975,7559.246428289525
2026-06-26T15:00:00+00:00,280.14999999999975,280.77999999999975,278.6799999999998,279.2899999999998,7566
2026-06-26T15:30:00+00:00,279.2899999999998,279.76999999999975,277.31999999999977,277.46999999999974,7386
2026-06-26T16:00:00+00:00,277.46999999999974,277.62999999999977,275.5499999999998,276.1699999999998,6678
2026-06-26T16:30:00+00:00,276.1699999999998,279.6799999999998,276.1699999999998,279.2299999999998,5701
2026-06-26T17:00:00+00:00,279.2299999999998,279.6799999999998,278.7299999999998,279.4899999999998,4760
2026-06-26T17:30:00+00:00,279.4899999999998,280.1699999999998,278.9299999999998,279.51999999999975,4708
2026-06-26T18:00:00+00:00,279.51999999999975,281.6199999999998,279.20999999999975,280.4999999999998,5557
2026-06-26T18:30:00+00:00,280.4999999999998,282.1199999999998,280.3699999999998,280.9999999999998,6037
2026-06-26T19:00:00+00:00,280.9999999999998,282.13999999999976,279.70999999999975,280.43999999999977,6657
2026-06-26T19:30:00+00:00,280.43999999999977,286.2399999999998,280.37999999999977,281.8499999999998,9105
2026-06-29T13:30:00+00:00,281.8499999999998,288.50999999999976,281.8499999999998,284.20999999999975,10758
2026-06-29T14:00:00+00:00,284.20999999999975,284.31999999999977,280.75999999999976,281.0599999999998,10760
2026-06-29T14:30:00+00:00,281.0599999999998,283.12999999999977,280.64999999999975,282.12999999999977,11662
2026-06-29T15:00:00+00:00,282.12999999999977,282.75999999999976,281.01999999999975,282.64999999999975,8779
2026-06-29T15:30:00+00:00,282.64999999999975,283.31999999999977,281.7499999999998,281.81999999999977,7176
2026-06-29T16:00:00+00:00,281.81999999999977,281.9299999999998,280.52999999999975,280.81999999999977,6152
2026-06-29T16:30:00+00:00,280.81999999999977,281.1099999999998,280.18999999999977,280.63999999999976,4866
2026-06-29T17:00:00+00:00,280.63999999999976,281.8699999999998,280.1699999999998,281.75999999999976,4984
2026-06-29T17:30:00+00:00,281.75999999999976,282.57999999999976,281.6199999999998,282.31999999999977,4214
2026-06-29T18:00:00+00:00,282.31999999999977,282.3599999999998,281.1699999999998,281.8499999999998,4142
2026-06-29T18:30:00+00:00,281.8499999999998,282.63999999999976,281.7499999999998,282.3599999999998,4595
2026-06-29T19:00:00+00:00,282.3599999999998,283.32999999999976,282.21999999999974,282.9899999999998,4503
2026-06-29T19:30:00+00:00,282.9899999999998,283.0499999999998,281.5499999999998,282.1099999999998,5733
2026-06-30T13:30:00+00:00,282.1099999999998,285.62999999999977,280.9099999999998,285.5599999999998,7113
2026-06-30T14:00:00+00:00,285.5599999999998,286.5599999999998,285.02999999999975,286.25999999999976,6434
2026-06-30T14:30:00+00:00,286.25999999999976,287.38999999999976,285.56999999999977,287.1199999999998,5423
2026-06-30T15:00:00+00:00,287.1199999999998,288.94999999999976,286.9199999999998,288.5399999999998,3932
2026-06-30T15:30:00+00:00,288.5399999999998,289.6799999999998,288.44999999999976,289.0399999999998,4330
2026-06-30T16:00:00+00:00,289.0399999999998,289.4999999999998,288.1099999999998,288.44999999999976,3631
2026-06-30T16:30:00+00:00,288.44999999999976,289.51999999999975,288.38999999999976,289.4999999999998,2878
2026-06-30T17:00:00+00:00,289.4999999999998,289.9799999999998,288.6099999999998,288.7299999999998,2807
2026-06-30T17:30:00+00:00,288.7299999999998,289.00999999999976,288.46999999999974,288.69999999999976,2366
2026-06-30T18:00:00+00:00,288.69999999999976,289.4899999999998,288.14999999999975,288.37999999999977,3164
2026-06-30T18:30:00+00:00,288.37999999999977,288.50999999999976,286.9799999999998,287.3099999999998,2996
2026-06-30T19:00:00+00:00,287.3099999999998,288.45999999999975,287.25999999999976,287.7999999999998,3797
2026-06-30T19:30:00+00:00,287.7999999999998,290.21999999999974,287.6799999999998,289.4199999999998,6733
2026-07-01T13:30:00+00:00,289.4199999999998,293.63999999999976,289.4199999999998,292.7399999999998,10403
2026-07-01T14:00:00+00:00,292.7399999999998,293.7899999999998,291.8599999999998,293.33999999999975,7206
2026-07-01T14:30:00+00:00,293.33999999999975,295.37999999999977,293.01999999999975,294.95999999999975,7497.209785259183
2026-07-01T15:00:00+00:00,294.95999999999975,296.90999999999974,294.60999999999973,296.1199999999997,7156
2026-07-01T15:30:00+00:00,296.1199999999997,296.1199999999997,294.93999999999977,295.51999999999975,5699
2026-07-01T16:00:00+00:00,295.51999999999975,296.01999999999975,295.2499999999997,295.27999999999975,4165
2026-07-01T16:30:00+00:00,295.27999999999975,295.37999999999977,294.43999999999977,294.58999999999975,3965
2026-07-01T17:00:00+00:00,294.58999999999975,294.94999999999976,294.2499999999997,294.38999999999976,3791
2026-07-01T17:30:00+00:00,294.38999999999976,295.3099999999997,293.4899999999997,294.01999999999975,4582
2026-07-01T18:00:00+00:00,294.01999999999975,295.39999999999975,292.9999999999997,295.10999999999973,5169
2026-07-01T18:30:00+00:00,295.10999999999973,295.8699999999997,294.95999999999975,295.07999999999976,4196
2026-07-01T19:00:00+00:00,295.07999999999976,295.25999999999976,294.31999999999977,294.31999999999977,3803
2026-07-01T19:30:00+00:00,294.31999999999977,295.59999999999974,293.9999999999997,294.51999999999975,6276
2026-07-02T13:30:00+00:00,294.51999999999975,303.10999999999973,293.90999999999974,303.10999999999973,9707
2026-07-02T14:00:00+00:00,303.10999999999973,305.64999999999975,302.95999999999975,305.2999999999997,8935
2026-07-02T14:30:00+00:00,305.2999999999997,307.3699999999997,305.13999999999976,307.1899999999997,10323.337111801242
2026-07-02T15:00:00+00:00,307.1899999999997,308.1199999999997,305.5799999999997,305.6799999999997,10047
2026-07-02T15:30:00+00:00,305.6799999999997,307.2099999999997,305.5899999999997,305.91999999999973,7986
2026-07-02T16:00:00+00:00,305.91999999999973,308.7699999999997,305.9099999999997,308.4299999999997,7767
2026-07-02T16:30:00+00:00,308.4299999999997,308.8299999999997,306.9899999999997,308.6499999999997,7578
2026-07-02T17:00:00+00:00,308.6499999999997,308.7399999999997,307.3999999999997,308.0999999999997,6290
2026-07-02T17:30:00+00:00,308.0999999999997,308.60999999999973,307.3999999999997,307.6499999999997,5970
2026-07-02T18:00:00+00:00,307.6499999999997,308.1399999999997,307.1399999999997,307.6199999999997,5444
2026-07-02T18:30:00+00:00,307.6199999999997,308.41999999999973,307.4399999999997,307.9599999999997,4662
2026-07-02T19:00:00+00:00,307.9599999999997,308.6299999999997,307.5699999999997,307.7399999999997,5259
2026-07-02T19:30:00+00:00,307.7399999999997,309.7299999999997,307.5099999999997,308.6299999999997,7560
2026-07-06T13:30:00+00:00,308.6299999999997,310.2599999999997,307.3099999999997,309.7999999999997,10225
2026-07-06T14:00:00+00:00,309.7999999999997,312.0899999999997,309.1499999999997,311.9799999999997,9641
2026-07-06T14:30:00+00:00,311.9799999999997,312.8899999999997,311.5299999999997,312.7999999999997,7238
2026-07-06T15:00:00+00:00,312.7999999999997,313.91999999999973,312.7499999999997,313.8399999999997,6117
2026-07-06T15:30:00+00:00,313.8399999999997,314.5099999999997,313.66999999999973,313.9499999999997,4882
2026-07-06T16:00:00+00:00,313.9499999999997,314.0799999999997,312.5599999999997,312.5699999999997,4061
2026-07-06T16:30:00+00:00,312.5699999999997,313.2999999999997,312.1599999999997,312.8499999999997,3704
2026-07-06T17:00:00+00:00,312.8499999999997,313.2299999999997,312.6299999999997,312.6999999999997,3255
2026-07-06T17:30:00+00:00,312.6999999999997,313.0599999999997,312.4299999999997,313.0599999999997,3237
2026-07-06T18:00:00+00:00,313.0599999999997,313.4799999999997,312.7099999999997,313.35999999999973,2849
2026-07-06T18:30:00+00:00,313.35999999999973,313.7999999999997,313.1899999999997,313.5599999999997,2601
2026-07-06T19:00:00+00:00,313.5599999999997,313.8899999999997,313.2699999999997,313.7399999999997,2960
2026-07-06T19:30:00+00:00,313.7399999999997,314.0699999999997,312.4299999999997,313.0699999999997,4687
2026-07-07T13:30:00+00:00,313.0699999999997,315.7799999999997,310.4699999999997,311.8799999999997,7716
2026-07-07T14:00:00+00:00,311.8799999999997,312.8499999999997,311.4299999999997,311.7199999999997,8067
2026-07-07T14:30:00+00:00,311.7199999999997,313.7399999999997,311.2899999999997,313.1299999999997,8055
2026-07-07T15:00:00+00:00,313.1299999999997,314.4299999999997,312.9599999999997,314.4099999999997,5598
2026-07-07T15:30:00+00:00,314.4099999999997,315.0299999999997,314.0599999999997,314.5799999999997,3913
2026-07-07T16:00:00+00:00,314.5799999999997,314.6799999999997,312.9599999999997,313.4799999999997,4509
2026-07-07T16:30:00+00:00,313.4799999999997,314.3399999999997,313.0899999999997,313.91999999999973,2949
2026-07-07T17:00:00+00:00,313.91999999999973,313.9399999999997,312.5899999999997,313.0899999999997,3250
2026-07-07T17:30:00+00:00,313.0899999999997,313.3099999999997,312.1799999999997,312.1799999999997,2553
2026-07-07T18:00:00+00:00,312.1799999999997,313.0399999999997,312.16999999999973,312.9399999999997,3205
2026-07-07T18:30:00+00:00,312.9399999999997,313.4899999999997,312.16999999999973,312.2999999999997,3426
2026-07-07T19:00:00+00:00,312.2999999999997,312.8199999999997,311.8799999999997,312.1999999999997,4049
2026-07-07T19:30:00+00:00,312.1999999999997,312.6399999999997,310.5499999999997,310.9799999999997,5144
2026-07-08T13:30:00+00:00,310.9799999999997,312.2599999999997,307.3399999999997,309.41999999999973,9844
2026-07-08T14:00:00+00:00,309.41999999999973,310.9699999999997,308.5099999999997,309.1199999999997,9644
2026-07-08T14:30:00+00:00,309.1199999999997,310.8899999999997,309.0099999999997,309.21999999999974,9233.321710193157
2026-07-08T15:00:00+00:00,309.21999999999974,311.16999999999973,309.10999999999973,310.4299999999997,7331
2026-07-08T15:30:00+00:00,310.4299999999997,310.78999999999974,309.64999999999975,310.5699999999997,5976
2026-07-08T16:00:00+00:00,310.5699999999997,312.1199999999997,310.39999999999975,311.91999999999973,5770
2026-07-08T16:30:00+00:00,311.91999999999973,313.6799999999997,311.6899999999997,313.45999999999975,4519
2026-07-08T17:00:00+00:00,313.45999999999975,314.5499999999997,313.34999999999974,314.47999999999973,4694
2026-07-08T17:30:00+00:00,314.47999999999973,314.9899999999997,314.22999999999973,314.70999999999975,4308
2026-07-08T18:00:00+00:00,314.70999999999975,315.16999999999973,314.4299999999997,314.45999999999975,3772
2026-07-08T18:30:00+00:00,314.45999999999975,314.7599999999997,314.07999999999976,314.21999999999974,2962
2026-07-08T19:00:00+00:00,314.21999999999974,314.5499999999997,313.97999999999973,314.1799999999997,3359
2026-07-08T19:30:00+00:00,314.1799999999997,314.5499999999997,313.07999999999976,313.71999999999974,4706
2026-07-09T13:30:00+00:00,313.71999999999974,313.71999999999974,308.45999999999975,311.22999999999973,7343
2026-07-09T14:00:00+00:00,311.22999999999973,312.64999999999975,310.51999999999975,312.38999999999976,6372
2026-07-09T14:30:00+00:00,312.38999999999976,312.7399999999997,311.03999999999974,311.88999999999976,5775
2026-07-09T15:00:00+00:00,311.88999999999976,315.20999999999975,311.84999999999974,314.8099999999997,4866
2026-07-09T15:30:00+00:00,314.8099999999997,315.35999999999973,314.64999999999975,315.10999999999973,3716
2026-07-09T16:00:00+00:00,315.10999999999973,315.5499999999997,314.41999999999973,315.27999999999975,3391
2026-07-09T16:30:00+00:00,315.27999999999975,315.83999999999975,314.76999999999975,315.0599999999997,3255
2026-07-09T17:00:00+00:00,315.0599999999997,315.52999999999975,314.6299999999997,315.09999999999974,2718
2026-07-09T17:30:00+00:00,315.09999999999974,315.4299999999997,314.77999999999975,315.35999999999973,2477
2026-07-09T18:00:00+00:00,315.35999999999973,315.64999999999975,314.5599999999997,314.90999999999974,2561
2026-07-09T18:30:00+00:00,314.90999999999974,315.1299999999997,314.58999999999975,314.78999999999974,2335
2026-07-09T19:00:00+00:00,314.78999999999974,316.02999999999975,314.72999999999973,315.77999999999975,2160
2026-07-09T19:30:00+00:00,315.77999999999975,316.89999999999975,315.71999999999974,316.5499999999997,3536
2026-07-10T13:30:00+00:00,316.5499999999997,316.66999999999973,313.57999999999976,314.65999999999974,8184
2026-07-10T14:00:00+00:00,314.65999999999974,315.0699999999997,313.27999999999975,313.41999999999973,7421
2026-07-10T14:30:00+00:00,313.41999999999973,314.2399999999997,312.5599999999997,314.08999999999975,8572.468801249512
2026-07-10T15:00:00+00:00,314.08999999999975,314.4299999999998,313.31999999999977,313.68999999999977,5587
2026-07-10T15:30:00+00:00,313.68999999999977,314.12999999999977,312.63999999999976,313.5599999999998,4694
2026-07-10T16:00:00+00:00,313.5599999999998,314.85999999999973,313.37999999999977,314.63999999999976,4339
2026-07-10T16:30:00+00:00,314.63999999999976,315.1199999999998,314.2499999999998,314.9899999999997,3665
2026-07-10T17:00:00+00:00,314.9899999999997,315.07999999999976,314.45999999999975,314.82999999999976,3278
2026-07-10T17:30:00+00:00,314.82999999999976,314.89999999999975,314.21999999999974,314.45999999999975,3053
2026-07-10T18:00:00+00:00,314.45999999999975,315.21999999999974,314.33999999999975,315.12999999999977,3081
2026-07-10T18:30:00+00:00,315.12999999999977,315.7399999999997,315.06999999999977,315.58999999999975,2778
2026-07-10T19:00:00+00:00,315.58999999999975,316.7999999999997,315.52999999999975,316.4999999999998,2937
2026-07-10T19:30:00+00:00,316.4999999999998,317.2499999999998,315.06999999999977,315.63999999999976,3888
2026-07-13T13:30:00+00:00,315.63999999999976,323.71999999999974,315.63999999999976,321.51999999999975,8333
2026-07-13T14:00:00+00:00,321.51999999999975,322.09999999999974,319.66999999999973,320.50999999999976,6316
2026-07-13T14:30:00+00:00,320.50999999999976,320.59999999999974,318.6799999999998,319.37999999999977,5939
2026-07-13T15:00:00+00:00,319.37999999999977,319.51999999999975,317.15999999999974,317.53999999999974,5392
2026-07-13T15:30:00+00:00,317.53999999999974,317.53999999999974,316.41999999999973,317.39999999999975,4847
2026-07-13T16:00:00+00:00,317.39999999999975,318.19999999999976,317.09999999999974,317.66999999999973,4593
2026-07-13T16:30:00+00:00,317.66999999999973,317.75999999999976,316.2399999999997,316.87999999999977,5366
2026-07-13T17:00:00+00:00,316.87999999999977,317.0499999999997,316.1199999999998,316.72999999999973,3913
2026-07-13T17:30:00+00:00,316.72999999999973,317.03999999999974,316.33999999999975,316.4899999999997,3647
2026-07-13T18:00:00+00:00,316.4899999999997,317.14999999999975,316.2499999999998,317.13999999999976,3174
2026-07-13T18:30:00+00:00,317.13999999999976,317.81999999999977,316.90999999999974,317.44999999999976,3027
2026-07-13T19:00:00+00:00,317.44999999999976,317.84999999999974,316.46999999999974,316.66999999999973,4618
2026-07-13T19:30:00+00:00,316.66999999999973,318.08999999999975,316.39999999999975,317.75999999999976,5175
2026-07-14T13:30:00+00:00,317.75999999999976,317.75999999999976,312.16999999999973,314.76999999999975,9667
2026-07-14T14:00:00+00:00,314.76999999999975,315.45999999999975,313.35999999999973,315.2499999999998,9548
2026-07-14T14:30:00+00:00,315.2499999999998,316.44999999999976,314.34999999999974,315.25999999999976,8339
2026-07-14T15:00:00+00:00,315.25999999999976,316.37999999999977,314.58999999999975,314.59999999999974,8399
2026-07-14T15:30:00+00:00,314.59999999999974,315.16999999999973,313.50999999999976,313.56999999999977,7479
2026-07-14T16:00:00+00:00,313.56999999999977,314.52999999999975,313.18999999999977,313.5599999999998,6246
2026-07-14T16:30:00+00:00,313.5599999999998,314.53999999999974,313.38999999999976,314.39999999999975,5684
2026-07-14T17:00:00+00:00,314.39999999999975,315.2999999999997,314.1799999999998,315.15999999999974,4550
2026-07-14T17:30:00+00:00,315.15999999999974,315.57999999999976,314.90999999999974,315.45999999999975,3194
2026-07-14T18:00:00+00:00,315.45999999999975,315.6799999999998,315.16999999999973,315.4899999999997,2759
2026-07-14T18:30:00+00:00,315.4899999999997,315.93999999999977,315.02999999999975,315.75999999999976,3715
2026-07-14T19:00:00+00:00,315.75999999999976,316.19999999999976,315.4299999999998,315.9999999999998,3402
2026-07-14T19:30:00+00:00,315.9999999999998,316.07999999999976,314.90999999999974,315.27999999999975,5005
2026-07-15T13:30:00+00:00,315.27999999999975,322.13999999999976,315.27999999999975,321.0599999999998,8271
2026-07-15T14:00:00+00:00,321.0599999999998,325.9899999999997,320.97999999999973,325.0599999999998,8570
2026-07-15T14:30:00+00:00,325.0599999999998,325.72999999999973,323.84999999999974,324.2399999999997,7353.592384769539
2026-07-15T15:00:00+00:00,324.2399999999997,326.0099999999997,323.88999999999976,325.91999999999973,5644
2026-07-15T15:30:00+00:00,325.91999999999973,327.4399999999997,325.46999999999974,326.59999999999974,6128
2026-07-15T16:00:00+00:00,326.59999999999974,328.8799999999997,326.58999999999975,328.46999999999974,5786
2026-07-15T16:30:00+00:00,328.46999999999974,328.8099999999997,327.6299999999997,328.3099999999997,5798
2026-07-15T17:00:00+00:00,328.3099999999997,328.39999999999975,326.28999999999974,327.32999999999976,4035
2026-07-15T17:30:00+00:00,327.32999999999976,328.3199999999997,326.95999999999975,327.91999999999973,3500
2026-07-15T18:00:00+00:00,327.91999999999973,328.22999999999973,327.4899999999997,328.08999999999975,2784
2026-07-15T18:30:00+00:00,328.08999999999975,328.1899999999997,327.40999999999974,327.88999999999976,2949
2026-07-15T19:00:00+00:00,327.88999999999976,329.0699999999997,327.19999999999976,327.41999999999973,3501
2026-07-15T19:30:00+00:00,327.41999999999973,328.69999999999976,326.0699999999997,327.96999999999974,5285
2026-07-16T13:30:00+00:00,327.96999999999974,331.39999999999975,327.1199999999997,331.39999999999975,11823
2026-07-16T14:00:00+00:00,331.39999999999975,331.70999999999975,328.22999999999973,330.71999999999974,8559
2026-07-16T14:30:00+00:00,330.71999999999974,331.4399999999997,330.10999999999973,330.46999999999974,6723
2026-07-16T15:00:00+00:00,330.46999999999974,331.2499999999997,329.6899999999997,330.9899999999997,6585
2026-07-16T15:30:00+00:00,330.9899999999997,332.6199999999997,330.7999999999997,332.14999999999975,6071
2026-07-16T16:00:00+00:00,332.14999999999975,332.3199999999997,330.70999999999975,331.51999999999975,6449
2026-07-16T16:30:00+00:00,331.51999999999975,332.3699999999997,330.20999999999975,332.35999999999973,5938
2026-07-16T17:00:00+00:00,332.35999999999973,333.32999999999976,332.0599999999997,333.2499999999997,4417
2026-07-16T17:30:00+00:00,333.2499999999997,333.90999999999974,331.1299999999997,331.91999999999973,6067
2026-07-16T18:00:00+00:00,331.91999999999973,332.19999999999976,329.65999999999974,331.5499999999997,7972
2026-07-16T18:30:00+00:00,331.5499999999997,333.85999999999973,331.22999999999973,333.51999999999975,5399
2026-07-16T19:00:00+00:00,333.51999999999975,335.01999999999975,333.3199999999997,333.34999999999974,5364
2026-07-16T19:30:00+00:00,333.34999999999974,334.02999999999975,331.15999999999974,333.53999999999974,6861
2026-07-17T13:30:00+00:00,333.53999999999974,335.2499999999997,331.19999999999976,331.2399999999997,10194
2026-07-17T14:00:00+00:00,331.2399999999997,332.1899999999997,329.3699999999997,332.14999999999975,10278
2026-07-17T14:30:00+00:00,332.14999999999975,334.3099999999997,332.14999999999975,333.51999999999975,8279
2026-07-17T15:00:00+00:00,333.51999999999975,335.09999999999974,332.85999999999973,334.97999999999973,6448
2026-07-17T15:30:00+00:00,334.97999999999973,335.19999999999976,332.3699999999997,332.63999999999976,7261
2026-07-17T16:00:00+00:00,332.63999999999976,332.71999999999974,330.35999999999973,332.02999999999975,8202
2026-07-17T16:30:00+00:00,332.02999999999975,333.35999999999973,330.8099999999997,330.8699999999997,5596
2026-07-17T17:00:00+00:00,330.8699999999997,331.19999999999976,329.4999999999997,330.8699999999997,5047
2026-07-17T17:30:00+00:00,330.8699999999997,332.2599999999997,330.4299999999997,332.08999999999975,3779
2026-07-17T18:00:00+00:00,332.08999999999975,333.57999999999976,331.8699999999997,332.6799999999997,4419
2026-07-17T18:30:00+00:00,332.6799999999997,335.01999999999975,332.4399999999997,334.2399999999997,4381
2026-07-17T19:00:00+00:00,334.2399999999997,334.90999999999974,332.6299999999997,333.16999999999973,3994
2026-07-17T19:30:00+00:00,333.16999999999973,334.7399999999997,332.58999999999975,334.07999999999976,6171
2026-07-20T13:30:00+00:00,334.07999999999976,334.07999999999976,328.41999999999973,328.8699999999997,10228
2026-07-20T14:00:00+00:00,328.8699999999997,328.9999999999997,326.16999999999973,326.9999999999997,7881
2026-07-20T14:30:00+00:00,326.9999999999997,328.0499999999997,326.0699999999997,326.4399999999997,8085
2026-07-20T15:00:00+00:00,326.4399999999997,327.01999999999975,324.4399999999997,324.95999999999975,8107
2026-07-20T15:30:00+00:00,324.95999999999975,326.57999999999976,324.88999999999976,325.97999999999973,7060
2026-07-20T16:00:00+00:00,325.97999999999973,326.0599999999997,324.9499999999997,325.02999999999975,6501
2026-07-20T16:30:00+00:00,325.02999999999975,325.1199999999997,323.6799999999997,324.2999999999997,6740
2026-07-20T17:00:00+00:00,324.2999999999997,325.15999999999974,323.95999999999975,324.71999999999974,5625
2026-07-20T17:30:00+00:00,324.71999999999974,325.13999999999976,324.2399999999997,324.7999999999997,5619
2026-07-20T18:00:00+00:00,324.7999999999997,326.52999999999975,324.76999999999975,326.02999999999975,4932
2026-07-20T18:30:00+00:00,326.02999999999975,327.3699999999997,325.35999999999973,326.7999999999997,5566
2026-07-20T19:00:00+00:00,326.7999999999997,329.0599999999997,326.76999999999975,329.03999999999974,5261
2026-07-20T19:30:00+00:00,329.03999999999974,329.77999999999975,326.3099999999997,326.7999999999997,6322
2026-07-21T13:30:00+00:00,326.7999999999997,326.7999999999997,322.2399999999997,324.13999999999976,9445
2026-07-21T14:00:00+00:00,324.13999999999976,327.0499999999997,324.01999999999975,326.7499999999997,6289
2026-07-21T14:30:00+00:00,326.7499999999997,327.46999999999974,326.26999999999975,327.07999999999976,5145
2026-07-21T15:00:00+00:00,327.07999999999976,328.5099999999997,326.2599999999997,328.3799999999997,5446
2026-07-21T15:30:00+00:00,328.3799999999997,329.02999999999975,327.7399999999997,328.76999999999975,3671
2026-07-21T16:00:00+00:00,328.76999999999975,329.63999999999976,328.32999999999976,328.65999999999974,3344
2026-07-21T16:30:00+00:00,328.65999999999974,328.8699999999997,327.45999999999975,328.46999999999974,3768
2026-07-21T17:00:00+00:00,328.46999999999974,328.78999999999974,327.01999999999975,327.07999999999976,3837
2026-07-21T17:30:00+00:00,327.07999999999976,327.8799999999997,326.76999999999975,327.65999999999974,2914
2026-07-21T18:00:00+00:00,327.65999999999974,327.8099999999997,326.9499999999997,327.21999999999974,2578
2026-07-21T18:30:00+00:00,327.21999999999974,328.4299999999997,327.14999999999975,328.16999999999973,2390
2026-07-21T19:00:00+00:00,328.16999999999973,328.52999999999975,327.4999999999997,327.91999999999973,2373
2026-07-21T19:30:00+00:00,327.91999999999973,328.13999999999976,327.32999999999976,327.71999999999974,4397
2026-07-22T13:30:00+00:00,327.71999999999974,328.82999999999976,325.6999999999997,325.90999999999974,8698
2026-07-22T14:00:00+00:00,325.90999999999974,326.14999999999975,324.34999999999974,324.5099999999997,7211
2026-07-22T14:30:00+00:00,324.5099999999997,325.63999999999976,324.1199999999997,325.63999999999976,6647
2026-07-22T15:00:00+00:00,325.63999999999976,325.8099999999997,324.15999999999974,325.76999999999975,6431
2026-07-22T15:30:00+00:00,325.76999999999975,325.91999999999973,324.95999999999975,325.0599999999997,5336
2026-07-22T16:00:00+00:00,325.0599999999997,325.07999999999976,324.39999999999975,324.89999999999975,4228
2026-07-22T16:30:00+00:00,324.89999999999975,324.96999999999974,323.84999999999974,324.2399999999997,3416
2026-07-22T17:00:00+00:00,324.2399999999997,324.3199999999997,323.38999999999976,323.66999999999973,3533
2026-07-22T17:30:00+00:00,323.66999999999973,324.0499999999997,323.5499999999997,323.9999999999997,2981
2026-07-22T18:00:00+00:00,323.9999999999997,324.0499999999997,323.5499999999997,323.9899999999997,2628
2026-07-22T18:30:00+00:00,323.9899999999997,324.71999999999974,323.8799999999997,324.3099999999997,3065
2026-07-22T19:00:00+00:00,324.3099999999997,324.59999999999974,324.1799999999997,324.41999999999973,2822
2026-07-22T19:30:00+00:00,324.41999999999973,326.88999999999976,323.9899999999997,325.8199999999997,6098
2026-07-23T13:30:00+00:00,325.8199999999997,325.8199999999997,319.35999999999973,320.0599999999997,8144
2026-07-23T14:00:00+00:00,320.0599999999997,321.9299999999997,319.78999999999974,321.45999999999975,6739
2026-07-23T14:30:00+00:00,321.45999999999975,322.9299999999997,320.88999999999976,321.2499999999997,7686
2026-07-23T15:00:00+00:00,321.2499999999997,322.26999999999975,320.7399999999997,321.26999999999975,8114
2026-07-23T15:30:00+00:00,321.26999999999975,321.3199999999997,320.46999999999974,320.85999999999973,6251
2026-07-23T16:00:00+00:00,320.85999999999973,321.5699999999997,320.10999999999973,320.2999999999997,5204
2026-07-23T16:30:00+00:00,320.2999999999997,320.9299999999997,320.0499999999997,320.6899999999997,4955
2026-07-23T17:00:00+00:00,320.6899999999997,321.0599999999997,320.3199999999997,320.8699999999997,4655
2026-07-23T17:30:00+00:00,320.8699999999997,321.4499999999997,320.35999999999973,320.51999999999975,4083
2026-07-23T18:00:00+00:00,320.51999999999975,320.64999999999975,320.03999999999974,320.3099999999997,3849
2026-07-23T18:30:00+00:00,320.3099999999997,320.76999999999975,319.7999999999997,320.7599999999997,3157
2026-07-23T19:00:00+00:00,320.7599999999997,321.2399999999997,320.3699999999997,320.39999999999975,3185
2026-07-23T19:30:00+00:00,320.39999999999975,322.0099999999997,320.0699999999997,321.52999999999975,6554
2026-07-24T13:30:00+00:00,321.52999999999975,327.78999999999974,321.52999999999975,326.7999999999997,9859
2026-07-24T14:00:00+00:00,326.7999999999997,329.4399999999997,326.7999999999997,328.77999999999975,9885
2026-07-24T14:30:00+00:00,328.77999999999975,330.2599999999997,328.7499999999997,329.9399999999997,8971
2026-07-24T15:00:00+00:00,329.9399999999997,331.9399999999997,329.7499999999997,331.72999999999973,8732
2026-07-24T15:30:00+00:00,331.72999999999973,333.6299999999997,331.58999999999975,333.0499999999997,6453
2026-07-24T16:00:00+00:00,333.0499999999997,334.3799999999997,332.6899999999997,333.71999999999974,6013
2026-07-24T16:30:00+00:00,333.71999999999974,333.95999999999975,332.6799999999997,333.15999999999974,5043
2026-07-24T17:00:00+00:00,333.15999999999974,333.5099999999997,332.16999999999973,332.38999999999976,4946
2026-07-24T17:30:00+00:00,332.38999999999976,333.1999999999997,332.3799999999997,332.63999999999976,4203
2026-07-24T18:00:00+00:00,332.63999999999976,333.1999999999997,332.1999999999997,332.3099999999997,4361
2026-07-24T18:30:00+00:00,332.3099999999997,333.21999999999974,332.0699999999997,332.96999999999974,5626
2026-07-24T19:00:00+00:00,332.96999999999974,333.27999999999975,332.4999999999997,332.5499999999997,5578
2026-07-24T19:30:00+00:00,332.5499999999997,333.4499999999997,331.88999999999976,333.13999999999976,6913
2026-07-27T13:30:00+00:00,333.13999999999976,337.09999999999974,333.13999999999976,335.52999999999975,11675
2026-07-27T14:00:00+00:00,335.52999999999975,338.14999999999975,335.26999999999975,337.66999999999973,14038
2026-07-27T14:30:00+00:00,337.66999999999973,338.3799999999997,336.15999999999974,338.2399999999997,11815
2026-07-27T15:00:00+00:00,338.2399999999997,339.52999999999975,338.1899999999997,338.78999999999974,10017
2026-07-27T15:30:00+00:00,338.78999999999974,339.59999999999974,336.7599999999997,337.10999999999973,10458
2026-07-27T16:00:00+00:00,337.10999999999973,338.02999999999975,337.0499999999997,337.47999999999973,8657
2026-07-27T16:30:00+00:00,337.47999999999973,338.15999999999974,336.08999999999975,336.6999999999997,6422
2026-07-27T17:00:00+00:00,336.6999999999997,336.8099999999997,335.66999999999973,336.0499999999997,7328
2026-07-27T17:30:00+00:00,336.0499999999997,336.82999999999976,335.35999999999973,335.5099999999997,5335
2026-07-27T18:00:00+00:00,335.5099999999997,335.9099999999997,334.94999999999976,334.9899999999998,3720.896218246195
2026-07-27T18:30:00+00:00,334.9899999999998,336.1199999999998,334.5499999999997,335.6799999999998,6776
2026-07-27T19:00:00+00:00,335.6799999999998,335.83999999999975,335.09999999999974,335.62999999999977,5307
2026-07-27T19:30:00+00:00,335.62999999999977,337.08999999999975,335.5599999999998,336.77999999999975,6884
2026-07-28T13:30:00+00:00,336.77999999999975,342.69999999999976,336.77999999999975,337.34999999999974,22391
2026-07-28T14:00:00+00:00,337.34999999999974,338.12999999999977,335.44999999999976,337.7999999999997,18191
2026-07-28T14:30:00+00:00,337.7999999999997,338.66999999999973,336.8099999999998,336.96999999999974,13724
2026-07-28T15:00:00+00:00,336.96999999999974,339.52999999999975,336.47999999999973,339.14999999999975,13430
2026-07-28T15:30:00+00:00,339.14999999999975,339.7999999999997,338.89999999999975,339.47999999999973,10103
2026-07-28T16:00:00+00:00,339.47999999999973,340.03999999999974,339.34999999999974,339.6799999999998,8743
2026-07-28T16:30:00+00:00,339.6799999999998,340.45999999999975,338.8099999999998,339.58999999999975,8224
2026-07-28T17:00:00+00:00,339.58999999999975,339.77999999999975,338.76999999999975,338.89999999999975,7128
2026-07-28T17:30:00+00:00,338.89999999999975,339.89999999999975,338.87999999999977,339.59999999999974,6407
2026-07-28T18:00:00+00:00,339.59999999999974,340.02999999999975,339.2999999999997,339.7399999999998,6382
2026-07-28T18:30:00+00:00,339.7399999999998,339.78999999999974,338.13999999999976,339.15999999999974,6460
2026-07-28T19:00:00+00:00,339.15999999999974,339.5499999999997,338.91999999999973,339.03999999999974,6975
2026-07-28T19:30:00+00:00,339.03999999999974,340.4299999999998,338.96999999999974,340.2399999999998,8721
2026-07-29T13:30:00+00:00,340.2399999999998,343.5499999999997,339.2499999999998,342.64999999999975,7805
2026-07-29T14:00:00+00:00,342.64999999999975,343.3699999999998,340.59999999999974,341.00999999999976,6945
2026-07-29T14:30:00+00:00,341.00999999999976,341.6199999999998,340.00999999999976,340.25999999999976,6062.8398983481575
2026-07-29T15:00:00+00:00,340.25999999999976,340.4199999999998,339.39999999999975,339.64999999999975,5448
2026-07-29T15:30:00+00:00,339.64999999999975,341.08999999999975,339.6199999999998,340.9299999999998,4713
2026-07-29T16:00:00+00:00,340.9299999999998,341.43999999999977,340.51999999999975,341.1099999999998,4188
2026-07-29T16:30:00+00:00,341.1099999999998,341.25999999999976,339.9299999999998,341.19999999999976,3478
2026-07-29T17:00:00+00:00,341.19999999999976,343.3099999999998,340.94999999999976,342.51999999999975,3897
2026-07-29T17:30:00+00:00,342.51999999999975,343.25999999999976,342.18999999999977,342.9999999999998,4066
2026-07-29T18:00:00+00:00,342.9999999999998,344.43999999999977,342.8599999999998,343.4299999999998,5373
2026-07-29T18:30:00+00:00,343.4299999999998,343.7999999999998,342.58999999999975,342.75999999999976,5851
2026-07-29T19:00:00+00:00,342.75999999999976,342.8599999999998,341.1799999999998,341.40999999999974,5052
2026-07-29T19:30:00+00:00,341.40999999999974,341.40999999999974,337.00999999999976,337.95999999999975,9659
2026-07-30T13:30:00+00:00,337.95999999999975,337.95999999999975,330.5499999999997,331.89999999999975,13216
2026-07-30T14:00:00+00:00,331.89999999999975,332.60999999999973,330.14999999999975,331.0499999999997,11407
2026-07-30T14:30:00+00:00,331.0499999999997,332.40999999999974,329.3699999999997,332.10999999999973,9256
2026-07-30T15:00:00+00:00,332.10999999999973,332.8199999999997,330.8099999999997,330.97999999999973,10243
2026-07-30T15:30:00+00:00,330.97999999999973,332.1899999999997,330.9299999999997,331.5499999999997,6827
2026-07-30T16:00:00+00:00,331.5499999999997,332.35999999999973,330.4299999999997,331.83999999999975,7388
2026-07-30T16:30:00+00:00,331.83999999999975,332.09999999999974,331.1999999999997,331.40999999999974,6902
2026-07-30T17:00:00+00:00,331.40999999999974,332.65999999999974,331.34999999999974,331.8799999999997,6265
2026-07-30T17:30:00+00:00,331.8799999999997,333.1299999999997,331.5099999999997,333.08999999999975,4909
2026-07-30T18:00:00+00:00,333.08999999999975,333.7599999999997,332.51999999999975,332.89999999999975,3753
2026-07-30T18:30:00+00:00,332.89999999999975,333.8699999999997,332.6999999999997,333.53999999999974,3390
2026-07-30T19:00:00+00:00,333.53999999999974,333.7399999999997,332.89999999999975,332.9499999999997,4249
2026-07-30T19:30:00+00:00,332.9499999999997,333.89999999999975,332.0499999999997,333.5499999999997,7096
2026-07-31T13:30:00+00:00,333.5499999999997,333.5499999999997,300.10999999999973,302.46999999999974,13938
2026-07-31T14:00:00+00:00,302.46999999999974,303.3199999999997,301.09999999999974,302.5499999999997,10552
2026-07-31T14:30:00+00:00,302.5499999999997,302.95999999999975,301.4999999999997,302.9499999999997,7224
2026-07-31T15:00:00+00:00,302.9499999999997,304.0099999999997,301.4499999999997,301.4899999999997,7675
2026-07-31T15:30:00+00:00,301.4899999999997,302.59999999999974,300.1899999999997,301.07999999999976,7338
2026-07-31T16:00:00+00:00,301.07999999999976,302.08999999999975,300.2599999999997,300.33999999999975,5598
2026-07-31T16:30:00+00:00,300.33999999999975,301.33999999999975,299.7999999999997,300.60999999999973,4908
2026-07-31T17:00:00+00:00,300.60999999999973,301.6199999999997,300.59999999999974,300.9999999999997,3359
2026-07-31T17:30:00+00:00,300.9999999999997,301.4999999999997,300.2999999999997,300.4399999999997,2604
2026-07-31T18:00:00+00:00,300.4399999999997,302.20999999999975,300.38999999999976,301.53999999999974,3082
2026-07-31T18:30:00+00:00,301.53999999999974,302.7599999999997,301.5099999999997,302.6199999999997,2693
2026-07-31T19:00:00+00:00,302.6199999999997,305.4899999999997,302.5599999999997,305.4499999999997,4814
2026-07-31T19:30:00+00:00,305.4499999999997,310.40999999999974,304.8199999999997,308.8699999999997,8999
2026-08-03T13:30:00+00:00,308.8699999999997,311.4899999999997,304.96999999999974,305.6999999999997,10784
2026-08-03T14:00:00+00:00,305.6999999999997,306.9999999999997,304.1199999999997,305.35999999999973,8531
2026-08-03T14:30:00+00:00,305.35999999999973,306.1799999999997,304.8099999999997,305.1199999999997,5989
2026-08-03T15:00:00+00:00,305.1199999999997,305.57999999999976,303.71999999999974,303.97999999999973,5651
2026-08-03T15:30:00+00:00,303.97999999999973,304.20999999999975,302.34999999999974,303.52999999999975,3762
2026-08-03T16:00:00+00:00,303.52999999999975,306.1199999999997,303.5099999999997,306.1199999999997,4704
2026-08-03T16:30:00+00:00,306.1199999999997,306.97999999999973,305.6899999999997,306.34999999999974,4247
2026-08-03T17:00:00+00:00,306.34999999999974,307.32999999999976,306.16999999999973,307.01999999999975,3031
2026-08-03T17:30:00+00:00,307.01999999999975,307.01999999999975,305.2999999999997,305.8799999999997,2442
2026-08-03T18:00:00+00:00,305.8799999999997,306.2399999999997,305.2999999999997,305.3099999999997,2120
2026-08-03T18:30:00+00:00,305.3099999999997,305.60999999999973,304.6899999999997,305.01999999999975,2354
2026-08-03T19:00:00+00:00,305.01999999999975,305.77999999999975,304.59999999999974,304.83999999999975,2133
2026-08-03T19:30:00+00:00,304.83999999999975,304.8799999999997,302.4499999999997,303.08999999999975,3165
2026-08-04T13:30:00+00:00,303.08999999999975,305.13999999999976,301.0699999999997,305.0599999999997,7902
2026-08-04T14:00:00+00:00,305.0599999999997,306.91999999999973,304.1999999999997,306.60999999999973,7132
2026-08-04T14:30:00+00:00,306.60999999999973,306.65999999999974,305.0099999999997,305.9999999999997,5786
2026-08-04T15:00:00+00:00,305.9999999999997,306.35999999999973,305.39999999999975,305.41999999999973,4259
2026-08-04T15:30:00+00:00,305.41999999999973,306.46999999999974,305.2999999999997,306.1299999999997,3691
2026-08-04T16:00:00+00:00,306.1299999999997,306.4999999999997,305.45999999999975,306.3099999999997,3274
2026-08-04T16:30:00+00:00,306.3099999999997,308.38999999999976,306.09999999999974,307.97999999999973,3717
2026-08-04T17:00:00+00:00,307.97999999999973,310.20999999999975,307.95999999999975,308.6899999999997,4174
2026-08-04T17:30:00+00:00,308.6899999999997,309.90999999999974,308.45999999999975,309.09999999999974,3593
2026-08-04T18:00:00+00:00,309.09999999999974,309.89999999999975,308.97999999999973,309.1199999999997,3357
2026-08-04T18:30:00+00:00,309.1199999999997,309.27999999999975,308.2399999999997,308.3199999999997,3154
2026-08-04T19:00:00+00:00,308.3199999999997,309.5499999999997,308.0499999999997,309.3799999999997,3872
2026-08-04T19:30:00+00:00,309.3799999999997,310.20999999999975,308.4499999999997,308.9999999999997,6048
2026-08-05T13:30:00+00:00,308.9999999999997,308.9999999999997,305.46999999999974,307.76999999999975,8383
2026-08-05T14:00:00+00:00,307.76999999999975,308.83999999999975,306.4999999999997,306.5099999999997,8039
2026-08-05T14:30:00+00:00,306.5099999999997,311.14999999999975,306.0599999999997,311.1199999999998,8322.218844984804
2026-08-05T15:00:00+00:00,311.1199999999998,311.52999999999975,308.18999999999977,308.38999999999976,7318
2026-08-05T15:30:00+00:00,308.38999999999976,308.75999999999976,307.62999999999977,307.71999999999974,5219
2026-08-05T16:00:00+00:00,307.71999999999974,309.2299999999998,307.68999999999977,308.45999999999975,4889
2026-08-05T16:30:00+00:00,308.45999999999975,309.14999999999975,308.25999999999976,308.64999999999975,3999
2026-08-05T17:00:00+00:00,308.64999999999975,309.7999999999998,308.57999999999976,309.5399999999998,3913
2026-08-05T17:30:00+00:00,309.5399999999998,310.0399999999998,308.5399999999998,308.7399999999998,3889
2026-08-05T18:00:00+00:00,308.7399999999998,308.76999999999975,307.88999999999976,308.00999999999976,2838
2026-08-05T18:30:00+00:00,308.00999999999976,308.9199999999998,307.88999999999976,308.7399999999998,2800
2026-08-05T19:00:00+00:00,308.7399999999998,309.69999999999976,308.4999999999998,309.44999999999976,3078
2026-08-05T19:30:00+00:00,309.44999999999976,311.3699999999998,309.1799999999998,310.76999999999975,6689
2026-08-06T13:30:00+00:00,310.76999999999975,316.06999999999977,310.76999999999975,314.57999999999976,6967
2026-08-06T14:00:00+00:00,314.57999999999976,314.9799999999998,311.9299999999998,312.5999999999998,6806
2026-08-06T14:30:00+00:00,312.5999999999998,313.39999999999975,311.5999999999998,313.1699999999998,6184
2026-08-06T15:00:00+00:00,313.1699999999998,313.19999999999976,309.45999999999975,309.9199999999998,5423
2026-08-06T15:30:00+00:00,309.9199999999998,310.1699999999998,309.0499999999998,309.32999999999976,4629
2026-08-06T16:00:00+00:00,309.32999999999976,311.06999999999977,309.06999999999977,310.96999999999974,4006
2026-08-06T16:30:00+00:00,310.96999999999974,311.56999999999977,310.9199999999998,311.46999999999974,3242
2026-08-06T17:00:00+00:00,311.46999999999974,311.56999999999977,310.50999999999976,311.01999999999975,2842
2026-08-06T17:30:00+00:00,311.01999999999975,311.9799999999998,310.94999999999976,311.95999999999975,2338
2026-08-06T18:00:00+00:00,311.95999999999975,312.2499999999998,311.56999999999977,312.02999999999975,2749
2026-08-06T18:30:00+00:00,312.02999999999975,312.25999999999976,311.68999999999977,312.0599999999998,2350
2026-08-06T19:00:00+00:00,312.0599999999998,312.6099999999998,311.87999999999977,312.38999999999976,2836
2026-08-06T19:30:00+00:00,312.38999999999976,312.68999999999977,311.56999999999977,312.32999999999976,5163
2026-08-07T13:30:00+00:00,312.32999999999976,313.5399999999998,310.5599999999998,311.45999999999975,7510
2026-08-07T14:00:00+00:00,311.45999999999975,313.9099999999998,311.43999999999977,313.83999999999975,7971
2026-08-07T14:30:00+00:00,313.83999999999975,314.63999999999976,313.46999999999974,314.1199999999998,6945
2026-08-07T15:00:00+00:00,314.1199999999998,314.14999999999975,312.82999999999976,313.0999999999998,4683
2026-08-07T15:30:00+00:00,313.0999999999998,313.20999999999975,311.82999999999976,311.9799999999998,4374
2026-08-07T16:00:00+00:00,311.9799999999998,312.21999999999974,311.3499999999998,311.46999999999974,4234
2026-08-07T16:30:00+00:00,311.46999999999974,312.2899999999998,311.4099999999998,312.00999999999976,3907
2026-08-07T17:00:00+00:00,312.00999999999976,312.71999999999974,311.9899999999998,312.5499999999998,3004
2026-08-07T17:30:00+00:00,312.5499999999998,313.0599999999998,312.3699999999998,312.7999999999998,3103
2026-08-07T18:00:00+00:00,312.7999999999998,312.8599999999998,311.62999999999977,311.71999999999974,3069
2026-08-07T18:30:00+00:00,311.71999999999974,312.2199999999998,311.4999999999998,312.1699999999998,2401
2026-08-07T19:00:00+00:00,312.1699999999998,313.2299999999998,312.0699999999998,313.0899999999998,2954
2026-08-07T19:30:00+00:00,313.0899999999998,314.0099999999998,312.74999999999983,313.1399999999998,4627
2026-08-10T13:30:00+00:00,313.1399999999998,313.1399999999998,304.4399999999998,306.8199999999998,9292
2026-08-10T14:00:00+00:00,306.8199999999998,307.2599999999998,305.7899999999998,306.7199999999998,4334
2026-08-10T14:30:00+00:00,306.7199999999998,307.0299999999998,306.0399999999998,306.8999999999998,3335
2026-08-10T15:00:00+00:00,306.8999999999998,306.9799999999998,306.1299999999998,306.3599999999998,2462
2026-08-10T15:30:00+00:00,306.3599999999998,307.0699999999998,306.11999999999983,306.9599999999998,2073
2026-08-10T16:00:00+00:00,306.9599999999998,307.0699999999998,304.86999999999983,305.3499999999998,2984
2026-08-10T16:30:00+00:00,305.3499999999998,306.11999999999983,304.9899999999998,306.1099999999998,2554
2026-08-10T17:00:00+00:00,306.1099999999998,306.6299999999998,306.0399999999998,306.2999999999998,1785
2026-08-10T17:30:00+00:00,306.2999999999998,306.6699999999998,305.8399999999998,306.55999999999983,1900
2026-08-10T18:00:00+00:00,306.55999999999983,306.8199999999998,306.3399999999998,306.4899999999998,1546
2026-08-10T18:30:00+00:00,306.4899999999998,307.0899999999998,306.4099999999998,306.8799999999998,1460
2026-08-10T19:00:00+00:00,306.8799999999998,307.49999999999983,306.86999999999983,307.0699999999998,1696
2026-08-10T19:30:00+00:00,307.0699999999998,308.0999999999998,306.6599999999998,307.9399999999998,3575
2026-08-11T13:30:00+00:00,307.9399999999998,309.61999999999983,305.5099999999998,306.0499999999998,8818
2026-08-11T14:00:00+00:00,306.0499999999998,306.5299999999998,305.7199999999998,305.9799999999998,6645
2026-08-11T14:30:00+00:00,305.9799999999998,306.7699999999998,305.92999999999984,306.3899999999998,6625
2026-08-11T15:00:00+00:00,306.3899999999998,306.5999999999998,305.8599999999998,306.5499999999998,5759
2026-08-11T15:30:00+00:00,306.5499999999998,307.4399999999998,306.30999999999983,307.0699999999998,5498
2026-08-11T16:00:00+00:00,307.0699999999998,307.1999999999998,306.24999999999983,306.36999999999983,5074
2026-08-11T16:30:00+00:00,306.36999999999983,306.42999999999984,305.5399999999998,306.0499999999998,4728
2026-08-11T17:00:00+00:00,306.0499999999998,306.1399999999998,305.7899999999998,306.0099999999998,3031
2026-08-11T17:30:00+00:00,306.0099999999998,306.3499999999998,305.5899999999998,305.8599999999998,3842
2026-08-11T18:00:00+00:00,305.8599999999998,305.86999999999983,302.61999999999983,303.1099999999998,5243
2026-08-11T18:30:00+00:00,303.1099999999998,304.4199999999998,302.7899999999998,304.1599999999998,5646
2026-08-11T19:00:00+00:00,304.1599999999998,305.0299999999998,303.8399999999998,304.9399999999998,3971
2026-08-11T19:30:00+00:00,304.9399999999998,305.1399999999998,303.7999999999998,304.7599999999998,5657
2026-08-12T13:30:00+00:00,304.7599999999998,305.2599999999998,302.0099999999998,303.1999999999998,7448
2026-08-12T14:00:00+00:00,303.1999999999998,304.1499999999998,302.0899999999998,302.1699999999998,7304
2026-08-12T14:30:00+00:00,302.1699999999998,303.0199999999998,301.8999999999998,302.2799999999998,6781.399918550193
2026-08-12T15:00:00+00:00,302.2799999999998,302.6699999999998,300.8799999999998,300.9299999999998,5914
2026-08-12T15:30:00+00:00,300.9299999999998,301.1299999999998,300.4199999999998,301.0199999999998,4870
2026-08-12T16:00:00+00:00,301.0199999999998,301.6499999999998,300.8499999999998,301.3699999999998,3766
2026-08-12T16:30:00+00:00,301.3699999999998,302.0799999999998,301.2099999999998,302.0299999999998,3421
2026-08-12T17:00:00+00:00,302.0299999999998,302.3599999999998,301.8599999999998,302.0099999999998,3069
2026-08-12T17:30:00+00:00,302.0099999999998,302.1399999999998,301.1199999999998,301.3599999999998,2866
2026-08-12T18:00:00+00:00,301.3599999999998,301.6299999999998,300.9099999999998,300.9599999999998,2927
2026-08-12T18:30:00+00:00,300.9599999999998,301.8199999999998,300.8899999999998,301.2199999999998,2779
2026-08-12T19:00:00+00:00,301.2199999999998,301.5699999999998,300.9899999999998,301.5099999999998,1808
2026-08-12T19:30:00+00:00,301.5099999999998,302.1299999999998,300.8499999999998,302.1099999999998,4222
2026-08-13T13:30:00+00:00,302.1099999999998,304.5499999999998,301.8599999999998,304.4099999999998,10102
2026-08-13T14:00:00+00:00,304.4099999999998,305.7799999999998,303.9699999999998,305.4799999999998,7597
2026-08-13T14:30:00+00:00,305.4799999999998,305.8599999999998,304.3599999999998,304.9499999999998,7468
2026-08-13T15:00:00+00:00,304.9499999999998,305.0499999999998,303.3799999999998,303.5499999999998,6896
2026-08-13T15:30:00+00:00,303.5499999999998,303.8299999999998,302.5999999999998,302.6399999999998,7017
2026-08-13T16:00:00+00:00,302.6399999999998,303.6999999999998,302.3999999999998,303.2899999999998,4780
2026-08-13T16:30:00+00:00,303.2899999999998,303.6099999999998,302.8599999999998,302.8599999999998,4032
2026-08-13T17:00:00+00:00,302.8599999999998,303.2299999999998,302.6799999999998,303.1899999999998,2921
2026-08-13T17:30:00+00:00,303.1899999999998,303.7499999999998,302.8899999999998,303.2199999999998,3947
2026-08-13T18:00:00+00:00,303.2199999999998,303.3599999999998,302.7699999999998,303.1499999999998,3233
2026-08-13T18:30:00+00:00,303.1499999999998,303.7999999999998,302.9699999999998,303.0099999999998,4486
2026-08-13T19:00:00+00:00,303.0099999999998,304.4699999999998,302.8799999999998,304.2299999999998,5388
2026-08-13T19:30:00+00:00,304.2299999999998,305.1999999999998,303.7499999999998,305.1299999999998,7898
2026-08-14T13:30:00+00:00,305.1299999999998,307.2999999999998,305.1299999999998,305.9299999999998,7695
2026-08-14T14:00:00+00:00,305.9299999999998,306.1599999999998,304.5999999999998,304.7999999999998,5398
2026-08-14T14:30:00+00:00,304.7999999999998,305.2399999999998,304.4799999999998,304.9899999999998,5716
2026-08-14T15:00:00+00:00,304.9899999999998,305.7999999999998,304.1499999999998,305.3299999999998,5562
2026-08-14T15:30:00+00:00,305.3299999999998,305.7699999999998,305.2099999999998,305.5199999999998,4179
2026-08-14T16:00:00+00:00,305.5199999999998,305.5599999999998,304.8099999999998,305.2699999999998,3133
2026-08-14T16:30:00+00:00,305.2699999999998,305.3599999999998,304.9199999999998,305.2499999999998,2343
2026-08-14T17:00:00+00:00,305.2499999999998,305.4099999999998,304.9099999999998,305.0099999999998,2031
2026-08-14T17:30:00+00:00,305.0099999999998,305.9899999999998,304.8499999999998,305.8399999999998,2940
2026-08-14T18:00:00+00:00,305.8399999999998,306.0999999999998,305.3999999999998,305.7999999999998,3005
2026-08-14T18:30:00+00:00,305.7999999999998,306.0299999999998,305.3999999999998,305.4399999999998,2411
2026-08-14T19:00:00+00:00,305.4399999999998,305.8999999999998,305.0999999999998,305.7899999999998,2437
2026-08-14T19:30:00+00:00,305.7899999999998,305.8899999999998,305.3499999999998,305.8199999999998,4125
2026-08-17T13:30:00+00:00,305.85,307.48,303.89,305.23,12742
2026-08-17T14:00:00+00:00,305.23,305.42,304.33,304.37,7513
2026-08-17T14:30:00+00:00,304.37,304.69,303.52,303.99,7198
2026-08-17T15:00:00+00:00,303.99,304.8,303.68,304.36,6350
2026-08-17T15:30:00+00:00,304.36,304.46,302.93,303.05,5663
2026-08-17T16:00:00+00:00,303.05,303.68,302.93,303.44,4435
2026-08-17T16:30:00+00:00,303.44,303.91,302.8,302.89,4925
2026-08-17T17:00:00+00:00,302.89,304.32,302.89,304.28,5278
2026-08-17T17:30:00+00:00,304.28,304.54,303.96,304.18,5172
2026-08-17T18:00:00+00:00,304.18,304.82,303.83,304.55,5533
2026-08-17T18:30:00+00:00,304.55,305.86,304.51,305.52,5268
2026-08-17T19:00:00+00:00,305.52,306.04,305.45,306.02,4592
2026-08-17T19:30:00+00:00,306.02,306.19,304.89,305.59,7152
2026-08-18T13:30:00+00:00,305.59,307.66,305.59,307.1,12283
2026-08-18T14:00:00+00:00,307.1,310.13,307.02,309.52,9680
2026-08-18T14:30:00+00:00,309.52,311.36,309.43,310.22,9366
2026-08-18T15:00:00+00:00,310.22,311,309.78,310.31,7813
2026-08-18T15:30:00+00:00,310.31,310.38,309.2,309.38,5627
2026-08-18T16:00:00+00:00,309.38,310.52,308.89,310.49,5001
2026-08-18T16:30:00+00:00,310.49,310.65,310.05,310.64,3784
2026-08-18T17:00:00+00:00,310.64,310.81,310.14,310.27,3650
2026-08-18T17:30:00+00:00,310.27,310.31,309.73,309.94,3284
2026-08-18T18:00:00+00:00,309.94,310.52,309.63,310.5,3958
2026-08-18T18:30:00+00:00,310.5,311.13,310.19,310.19,4118
2026-08-18T19:00:00+00:00,310.19,310.3,309.21,309.52,4613
2026-08-18T19:30:00+00:00,309.52,310.94,309.45,310.08,6925
2026-08-19T13:30:00+00:00,310.08,316.25,309.35,316.25,14090
2026-08-19T14:00:00+00:00,316.25,317.67,315.22,315.85,13363
2026-08-19T14:30:00+00:00,315.85,318.19,315.59,317.69999999999976,10782.86471051595
2026-08-19T15:00:00+00:00,317.72,319.15,317.7,318.05,8814
2026-08-19T15:30:00+00:00,318.05,318.09,315.81,316.11,7738
2026-08-19T16:00:00+00:00,316.11,317.32,315.86,316.41,6444
2026-08-19T16:30:00+00:00,316.41,316.41,314.46,314.94,5770
2026-08-19T17:00:00+00:00,314.94,315.04,314.33,314.92,5848
2026-08-19T17:30:00+00:00,314.92,315.69,314.8,315.09,5365
2026-08-19T18:00:00+00:00,315.09,315.57,314.64,314.7,5972
2026-08-19T18:30:00+00:00,314.7,315.1,314.14,314.75,5356
2026-08-19T19:00:00+00:00,314.75,316.61,314.62,316.53,5639
2026-08-19T19:30:00+00:00,316.53,316.75,315.04,316.64,8965
2026-08-20T13:30:00+00:00,316.64,320.09,316.38,317.05,12036
2026-08-20T14:00:00+00:00,317.05,317.45,316.07,316.29,9401
2026-08-20T14:30:00+00:00,316.29,317.32,316.03,317.31,7232
2026-08-20T15:00:00+00:00,317.31,317.66,315.89,317.09,8247
2026-08-20T15:30:00+00:00,317.09,317.12,315.83,316.78,5610
2026-08-20T16:00:00+00:00,316.78,316.97,315.93,316.3,4745
2026-08-20T16:30:00+00:00,316.3,317.43,316.14,317.08,3743
2026-08-20T17:00:00+00:00,317.08,317.48,316.5,316.52,4314
2026-08-20T17:30:00+00:00,316.52,316.73,316.12,316.19,4347
2026-08-20T18:00:00+00:00,316.19,316.2,314.68,314.69,5605
2026-08-20T18:30:00+00:00,314.69,315.58,314.62,314.95,4447
2026-08-20T19:00:00+00:00,314.95,315.01,313.17,313.24,5102
2026-08-20T19:30:00+00:00,313.24,313.51,310.51,311.2,8760
2026-08-21T13:30:00+00:00,311.2,312.13,306.89,307.21,7467
2026-08-21T14:00:00+00:00,307.21,308.07,306.93,307.59,5819
2026-08-21T14:30:00+00:00,307.59,309.34,307.45,309.2599999999997,4963
2026-08-21T15:00:00+00:00,309.28,310.53,309.12,310.47,4593
2026-08-21T15:30:00+00:00,310.47,311.8,310.25,311.35,4146
2026-08-21T16:00:00+00:00,311.35,311.65,310.88,311.07,3376
2026-08-21T16:30:00+00:00,311.07,311.08,310.13,310.8,2715
2026-08-21T17:00:00+00:00,310.8,311.51,310.75,310.88,2960
2026-08-21T17:30:00+00:00,310.88,311.04,309.3,309.38,2896
2026-08-21T18:00:00+00:00,309.38,309.47,308.28,308.36,2837
2026-08-21T18:30:00+00:00,308.36,308.84,308.03,308.61,2409
2026-08-21T19:00:00+00:00,308.61,309.73,308.26,309.63,2855
2026-08-21T19:30:00+00:00,309.63,310.06,308.79,309.31,4167
2026-08-24T13:30:00+00:00,309.31,312.17,309.31,311.66,6384
2026-08-24T14:00:00+00:00,311.66,313.05,311.55,312.81,4959
2026-08-24T14:30:00+00:00,312.81,313.19,312.36,312.85,3570
2026-08-24T15:00:00+00:00,312.85,313.04,311.38,312.06,3527
2026-08-24T15:30:00+00:00,312.06,312.26,311.44,311.57,2837
2026-08-24T16:00:00+00:00,311.57,311.9,311.18,311.8,2520
2026-08-24T16:30:00+00:00,311.8,313.24,311.71,312.82,2535
2026-08-24T17:00:00+00:00,312.82,312.82,311.74,311.95,3028
2026-08-24T17:30:00+00:00,311.95,312.23,311.56,311.86,2318
2026-08-24T18:00:00+00:00,311.86,311.98,311.38,311.61,2379
2026-08-24T18:30:00+00:00,311.61,311.71,310.58,311.46,2335
2026-08-24T19:00:00+00:00,311.46,311.55,310.89,311.12,2226
2026-08-24T19:30:00+00:00,311.12,311.15,310.01,310.22,4036
2026-08-25T13:30:00+00:00,310.22,313.34,309.89,310.21,7712
2026-08-25T14:00:00+00:00,310.21,310.57,309.51,309.95,5940
2026-08-25T14:30:00+00:00,309.95,310.64,308.91,308.98,5407
2026-08-25T15:00:00+00:00,308.98,309.33,308.23,309.12,4133
2026-08-25T15:30:00+00:00,309.12,309.7,309.04,309.48,3216
2026-08-25T16:00:00+00:00,309.48,310.05,309.14,309.8,2557
2026-08-25T16:30:00+00:00,309.8,309.95,309.38,309.91,2077
2026-08-25T17:00:00+00:00,309.91,309.91,309.45,309.5,2052
2026-08-25T17:30:00+00:00,309.5,309.7,309.19,309.34,1798
2026-08-25T18:00:00+00:00,309.34,309.6,308.48,309.43,2441
2026-08-25T18:30:00+00:00,309.43,309.48,308.28,308.43,2130
2026-08-25T19:00:00+00:00,308.43,309.23,308.08,308.82,2177
2026-08-25T19:30:00+00:00,308.82,310.18,308.48,309.8,3243
2026-08-26T13:30:00+00:00,309.8,312.55,308.68,312.32,4980
2026-08-26T14:00:00+00:00,312.32,313.27,311.52,311.66,4474
2026-08-26T14:30:00+00:00,311.66,312.73,311.51,312.68,3031
2026-08-26T15:00:00+00:00,312.68,313.3,312.33,312.38,2956
2026-08-26T15:30:00+00:00,312.38,313.48,312.06,312.77,2917
2026-08-26T16:00:00+00:00,312.77,313.75,312.21,313.16,3074
2026-08-26T16:30:00+00:00,313.16,313.34,312.38,312.9,2393
2026-08-26T17:00:00+00:00,312.9,313.14,312.38,312.98,2132
2026-08-26T17:30:00+00:00,312.98,313.13,312.51,312.8,1740
2026-08-26T18:00:00+00:00,312.8,313.06,312.61,312.9,1649
2026-08-26T18:30:00+00:00,312.9,314.96,312.8,314.44,2595
2026-08-26T19:00:00+00:00,314.44,315.12,314.32,314.71,2637
2026-08-26T19:30:00+00:00,314.71,315.28,312.82,313.49,4098
2026-08-27T13:30:00+00:00,313.49,313.49,309.29,311.48,8269
2026-08-27T14:00:00+00:00,311.48,311.85,309.49,310.63,6675
2026-08-27T14:30:00+00:00,310.63,313.59,310.5,313.24,6558
2026-08-27T15:00:00+00:00,313.24,315.02,313.24,314.48,5425
2026-08-27T15:30:00+00:00,314.48,314.92,314.02,314.69,4600
2026-08-27T16:00:00+00:00,314.69,314.84,313.98,314.42,3500
2026-08-27T16:30:00+00:00,314.42,315.06,314.1,314.85,3202
2026-08-27T17:00:00+00:00,314.85,315.26,314.56,315.1,2998
2026-08-27T17:30:00+00:00,315.1,315.21,314.35,314.67,3141
2026-08-27T18:00:00+00:00,314.67,314.78,313.87,314.02,3561
2026-08-27T18:30:00+00:00,314.02,314.46,313.42,313.72,3089
2026-08-27T19:00:00+00:00,313.72,314.24,313.26,313.45,3285
2026-08-27T19:30:00+00:00,313.45,314.83,313.22,314.62,4483
2026-08-28T13:30:00+00:00,314.62,317.94,314.62,316.57,5706
2026-08-28T14:00:00+00:00,316.57,317.05,315.94,316.52,4692
2026-08-28T14:30:00+00:00,316.52,320.64,316.34,320.58,5494
2026-08-28T15:00:00+00:00,320.58,321.89,319.91,321.76,5567
2026-08-28T15:30:00+00:00,321.76,322.24,320.98,321.34,5357
2026-08-28T16:00:00+00:00,321.34,321.7,320.4,320.78,5030
2026-08-28T16:30:00+00:00,320.78,321.39,320.45,320.72,4076
2026-08-28T17:00:00+00:00,320.72,320.73,319.44,319.63,3800
2026-08-28T17:30:00+00:00,319.63,319.89,319.23,319.56,3049
2026-08-28T18:00:00+00:00,319.56,319.93,319.28,319.38,3096
2026-08-28T18:30:00+00:00,319.38,319.68,318.91,319.66,3352
2026-08-28T19:00:00+00:00,319.66,319.88,319.13,319.42,3632
2026-08-28T19:30:00+00:00,319.42,320.21,319.3,319.51,4907
2026-08-31T13:30:00+00:00,319.51,321.09,316.61,317.06,9048
2026-08-31T14:00:00+00:00,317.06,317.1,315.34,315.56,7370
2026-08-31T14:30:00+00:00,315.56,315.57,314.24,315.26,5480
2026-08-31T15:00:00+00:00,315.26,315.72,314.78,314.9,5688
2026-08-31T15:30:00+00:00,314.9,315.11,314.45,314.52,4635
2026-08-31T16:00:00+00:00,314.52,314.75,313.82,314.54,4807
2026-08-31T16:30:00+00:00,314.54,315.25,312.83,313.61,4713
2026-08-31T17:00:00+00:00,313.61,314.13,313.28,313.72,3236
2026-08-31T17:30:00+00:00,313.72,315.07,313.25,314.98,3177
2026-08-31T18:00:00+00:00,314.98,315.88,314.78,315.54,3176
2026-08-31T18:30:00+00:00,315.54,315.81,314.89,315.22,3280
2026-08-31T19:00:00+00:00,315.22,316.04,315.22,315.91,3144
2026-08-31T19:30:00+00:00,315.91,317.32,315.58,317,5793
2026-09-01T13:30:00+00:00,317,322.58,314.58,322.57,9267
2026-09-01T14:00:00+00:00,322.57,325.26,321.36,325.21,9095
2026-09-01T14:30:00+00:00,325.21,325.74,324.11,324.24,6607
2026-09-01T15:00:00+00:00,324.24,325.32,322.58,324.46,5819
2026-09-01T15:30:00+00:00,324.46,327.09,323.88,326.22,5140
2026-09-01T16:00:00+00:00,326.22,327.09,325.21,326.49,5479
2026-09-01T16:30:00+00:00,326.49,326.76,325.2,325.7,5349
2026-09-01T17:00:00+00:00,325.7,325.83,324.31,324.53,4171
2026-09-01T17:30:00+00:00,324.53,325.09,324.2,325.09,3486
2026-09-01T18:00:00+00:00,325.09,325.61,324.51,325.05,3955
2026-09-01T18:30:00+00:00,325.05,325.71,324.25,325.42,4604
2026-09-01T19:00:00+00:00,325.42,325.8,324.91,325.47,4293
2026-09-01T19:30:00+00:00,325.47,325.76,323.93,325.08,6624
2026-09-02T13:30:00+00:00,325.08,328.24,323.94,325,9365
2026-09-02T14:00:00+00:00,325,325.01,323.38,324.42,8474
2026-09-02T14:30:00+00:00,324.42,324.95,323.88,324.47,6702
2026-09-02T15:00:00+00:00,324.51,326.41,323.98,326.4,6505
2026-09-02T15:30:00+00:00,326.4,326.9,323.8,324.87,7084
2026-09-02T16:00:00+00:00,324.87,326.06,323.94,324.52,5911
2026-09-02T16:30:00+00:00,324.52,326.1,324.49,325.99,5664
2026-09-02T17:00:00+00:00,325.99,326.37,324.91,324.91,4799
2026-09-02T17:30:00+00:00,324.91,326.07,324.53,325.79,4152
2026-09-02T18:00:00+00:00,325.79,326.36,325.56,326.16,4644
2026-09-02T18:30:00+00:00,326.16,326.3,324.71,324.83,4147
2026-09-02T19:00:00+00:00,324.83,325.71,324.48,325.49,4071
2026-09-02T19:30:00+00:00,325.49,325.84,324.5,324.91,5458
2026-09-03T13:30:00+00:00,324.91,327.29,323.99,326.5,5955
2026-09-03T14:00:00+00:00,326.5,330.18,325.79,329.6,5317
2026-09-03T14:30:00+00:00,329.6,330.48,327.46,327.82,5788
2026-09-03T15:00:00+00:00,327.82,330.68,327.82,329.66,4970
2026-09-03T15:30:00+00:00,329.66,330.34,329.08,329.64,3205
2026-09-03T16:00:00+00:00,329.64,330.42,329.28,329.88,3021
2026-09-03T16:30:00+00:00,329.88,330.04,328.71,328.82,2601
2026-09-03T17:00:00+00:00,328.82,328.91,327.32,327.58,2579
2026-09-03T17:30:00+00:00,327.58,327.89,326.55,326.73,2988
2026-09-03T18:00:00+00:00,326.73,327.44,326.72,327,2686
2026-09-03T18:30:00+00:00,327,327.15,326.39,327.06,2254
2026-09-03T19:00:00+00:00,327.06,327.7,326.9,327.63,2205
2026-09-03T19:30:00+00:00,327.63,328.64,327.28,328.16,4283
2026-09-04T13:30:00+00:00,328.16,328.65,322.94,323.49,7820
2026-09-04T14:00:00+00:00,323.49,323.51,320.32,320.54,7122
2026-09-04T14:30:00+00:00,320.54,321.02,318.18,318.25,6241
2026-09-04T15:00:00+00:00,318.25,319.38,317.74,319.36,5807
2026-09-04T15:30:00+00:00,319.36,321.14,318.99,320.84,4801
2026-09-04T16:00:00+00:00,320.84,321.21,320.29,320.31,4017
2026-09-04T16:30:00+00:00,320.31,321.1,320.28,320.89,3288
2026-09-04T17:00:00+00:00,320.89,321.77,320.79,321.53,3268
2026-09-04T17:30:00+00:00,321.53,321.53,320.59,320.91,3112
2026-09-04T18:00:00+00:00,320.91,321.2,320.73,320.75,2734
2026-09-04T18:30:00+00:00,320.75,321.7,320.73,321.53,2748
2026-09-04T19:00:00+00:00,321.53,321.96,321.22,321.65,2857
2026-09-04T19:30:00+00:00,321.65,321.67,319.57,319.81,4686
2026-09-08T13:30:00+00:00,319.81,320.3,315.58,316.71,5589
2026-09-08T14:00:00+00:00,316.71,317.13,315.16,315.57,4686
2026-09-08T14:30:00+00:00,315.57,316.24,315.14,315.83,3836
2026-09-08T15:00:00+00:00,315.83,316.6,315.58,316.12,3791
2026-09-08T15:30:00+00:00,316.12,316.65,315.88,315.94,3294
2026-09-08T16:00:00+00:00,315.94,316.13,315.34,315.95,2618
2026-09-08T16:30:00+00:00,315.95,316.07,315.63,315.81,2283
2026-09-08T17:00:00+00:00,315.81,316.43,315.63,316.12,1814
2026-09-08T17:30:00+00:00,316.12,316.19,315.83,315.89,2068
2026-09-08T18:00:00+00:00,315.89,316.62,315.8,316.29,2074
2026-09-08T18:30:00+00:00,316.29,316.37,314.77,315.38,2948
2026-09-08T19:00:00+00:00,315.38,316.38,315.23,315.64,2391
2026-09-08T19:30:00+00:00,315.64,316.51,315.38,316.18,4275
2026-09-09T13:30:00+00:00,316.18,317.84,314.88,317.71,6459
2026-09-09T14:00:00+00:00,317.71,317.99,314.22,314.59,6906
2026-09-09T14:30:00+00:00,314.59,314.6,312.79,313.14,5704
2026-09-09T15:00:00+00:00,313.24,313.27,311.98,312.39,5791
2026-09-09T15:30:00+00:00,312.39,313.45,312.11,313.01,4534
2026-09-09T16:00:00+00:00,313.01,313.57,312.69,313.49,3460
2026-09-09T16:30:00+00:00,313.49,314.23,313.33,313.88,3797
2026-09-09T17:00:00+00:00,313.88,314.87,310.86,311.47,7267
2026-09-09T17:30:00+00:00,311.47,314.15,310.9,313.05,7117
2026-09-09T18:00:00+00:00,313.05,313.58,309.8,311.96,7745
2026-09-09T18:30:00+00:00,311.96,318.9,311.82,316.52,7495
2026-09-09T19:00:00+00:00,316.52,316.99,314.99,315.43,5651
2026-09-09T19:30:00+00:00,315.43,315.83,314.75,315.33,5460
2026-09-10T13:30:00+00:00,315.33,322.94,315.33,318.7,8260
2026-09-10T14:00:00+00:00,318.7,319.79,317.98,318.81,4960
2026-09-10T14:30:00+00:00,318.81,323.02,318.73,322.86,5264
2026-09-10T15:00:00+00:00,322.86,323.67,321.46,323.53,5454
2026-09-10T15:30:00+00:00,323.53,324.2,319.08,319.41,6011
2026-09-10T16:00:00+00:00,319.41,321.75,319.08,321.7,4238
2026-09-10T16:30:00+00:00,321.7,324.63,321.01,323.15,5527
2026-09-10T17:00:00+00:00,323.15,324.71,322.71,324.7,4140
2026-09-10T17:30:00+00:00,324.7,325.52,324.26,324.9,4227
2026-09-10T18:00:00+00:00,324.9,325.03,323.25,324,3528
2026-09-10T18:30:00+00:00,324,325.38,323.49,325.25,3268
2026-09-10T19:00:00+00:00,325.25,325.98,324.79,325.15,3210
2026-09-10T19:30:00+00:00,325.15,326.58,325.04,326.54,5042
2026-09-11T13:30:00+00:00,326.54,334.07,326.2,332.18,10356
2026-09-11T14:00:00+00:00,332.18,334.44,331.54,333.96,7254
2026-09-11T14:30:00+00:00,333.96,335.29,332.23,334.85,6893
2026-09-11T15:00:00+00:00,334.85,336.07,334.79,335.4,5718
2026-09-11T15:30:00+00:00,335.4,335.41,333.54,333.79,4836
2026-09-11T16:00:00+00:00,333.79,334.71,333.5,334.04,4364
2026-09-11T16:30:00+00:00,334.04,334.7,333.78,334.58,3886
2026-09-11T17:00:00+00:00,334.58,334.72,333.7,333.78,3564
2026-09-11T17:30:00+00:00,333.78,334.15,332.59,333.21,3653
2026-09-11T18:00:00+00:00,333.21,333.7,332.41,332.74,3808
2026-09-11T18:30:00+00:00,332.74,333.04,332.23,332.39,3143
2026-09-11T19:00:00+00:00,332.39,332.87,332.24,332.54,2925
2026-09-11T19:30:00+00:00,332.54,332.91,331.98,332.23,3954
2026-09-14T13:30:00+00:00,332.23,334.91,331.19,333.75,7115
2026-09-14T14:00:00+00:00,333.75,334.52,332.35,333.06,5073
2026-09-14T14:30:00+00:00,333.06,333.35,331.96,332.73,4664
2026-09-14T15:00:00+00:00,332.73,333.21,332.09,332.55,4244
2026-09-14T15:30:00+00:00,332.55,335.37,332.47,334.89,4336
2026-09-14T16:00:00+00:00,334.89,335.37,334.14,334.46,2934
2026-09-14T16:30:00+00:00,334.46,335.12,333.96,334.68,2561
2026-09-14T17:00:00+00:00,334.68,335.01,333.88,334.44,2312
2026-09-14T17:30:00+00:00,334.44,334.59,333.69,333.7,1920
2026-09-14T18:00:00+00:00,333.7,334.42,333.41,334.33,2094
2026-09-14T18:30:00+00:00,334.33,334.62,333.44,334.02,2461
2026-09-14T19:00:00+00:00,334.02,335.29,333.67,334.27,2661
2026-09-14T19:30:00+00:00,334.27,334.46,332.8,332.91,3796
2026-09-15T13:30:00+00:00,332.91,332.91,328.2,330.61,7371
2026-09-15T14:00:00+00:00,330.61,330.61,329.17,329.35,6679
2026-09-15T14:30:00+00:00,329.35,330.14,328.77,329.61,6188
2026-09-15T15:00:00+00:00,329.61,330.2,328.92,329.78,4915
2026-09-15T15:30:00+00:00,329.78,329.87,329.14,329.45,4381
2026-09-15T16:00:00+00:00,329.45,330.74,329.34,330.28,3948
2026-09-15T16:30:00+00:00,330.28,330.49,329.25,329.39,4056
2026-09-15T17:00:00+00:00,329.39,329.92,329.3,329.84,2775
2026-09-15T17:30:00+00:00,329.84,330.6,329.84,330.3,2606
2026-09-15T18:00:00+00:00,330.3,330.7,330.03,330.23,2744
2026-09-15T18:30:00+00:00,330.23,330.42,329.91,330.41,2772
2026-09-15T19:00:00+00:00,330.41,330.46,329.69,330.12,2423
2026-09-15T19:30:00+00:00,330.12,331.62,329.69,331.27,3857
2026-09-16T13:30:00+00:00,331.27,335.32,331.27,333.92,6609
2026-09-16T14:00:00+00:00,333.92,334.1,332.58,333.04,3825
2026-09-16T14:30:00+00:00,333.04,334.08,333,333.81,3023
2026-09-16T15:00:00+00:00,333.88,333.94,332.13,332.48,3037
2026-09-16T15:30:00+00:00,332.48,333.34,332.36,332.62,3109
2026-09-16T16:00:00+00:00,332.62,333.32,332.19,332.54,2350
2026-09-16T16:30:00+00:00,332.54,332.83,332.13,332.47,2184
2026-09-16T17:00:00+00:00,332.47,333.16,332.24,333.14,1902
2026-09-16T17:30:00+00:00,333.14,333.3,332.86,333.2,1907
2026-09-16T18:00:00+00:00,333.2,334.64,332.93,334.42,3706
2026-09-16T18:30:00+00:00,334.42,334.52,331.89,331.89,5690
2026-09-16T19:00:00+00:00,331.89,332.46,330.54,331.44,4554
2026-09-16T19:30:00+00:00,331.44,332.48,331.35,332.41,5623
2026-09-17T13:30:00+00:00,332.41,335.23,330.04,330.71,8843
2026-09-17T14:00:00+00:00,330.71,333.77,330.6,333.3,7768
2026-09-17T14:30:00+00:00,333.3,333.67,332.08,332.63,6166
2026-09-17T15:00:00+00:00,332.63,333.05,331.88,332.95,5297
2026-09-17T15:30:00+00:00,332.95,334.82,332.69,334.78,4918
2026-09-17T16:00:00+00:00,334.78,336.29,334.68,335.92,4646
2026-09-17T16:30:00+00:00,335.92,336.05,335.14,335.98,3715
2026-09-17T17:00:00+00:00,335.98,336.34,335.14,335.29,3167
2026-09-17T17:30:00+00:00,335.29,336.06,335.26,335.78,2422
2026-09-17T18:00:00+00:00,335.78,335.95,335.33,335.66,2818
2026-09-17T18:30:00+00:00,335.66,336.29,335.48,336.13,3051
2026-09-17T19:00:00+00:00,336.13,337.33,336.06,336.83,2954
2026-09-17T19:30:00+00:00,336.83,338.19,336.63,336.95,4570
2026-09-18T13:30:00+00:00,336.95,338.22,334.68,334.83,5854
2026-09-18T14:00:00+00:00,334.83,335.34,332.89,333.34,5405
2026-09-18T14:30:00+00:00,333.34,333.85,332.4,333.49,4473
2026-09-18T15:00:00+00:00,333.82,335.63,333.53,334.87,4075
2026-09-18T15:30:00+00:00,334.87,335.06,334.14,334.59,3131
2026-09-18T16:00:00+00:00,334.59,334.78,334.1,334.4,2448
2026-09-18T16:30:00+00:00,334.4,334.81,334.29,334.44,2190
2026-09-18T17:00:00+00:00,334.44,335.32,334.38,335.04,2358
2026-09-18T17:30:00+00:00,335.04,335.71,334.92,335.44,1748
2026-09-18T18:00:00+00:00,335.44,335.63,335.09,335.58,1914
2026-09-18T18:30:00+00:00,335.58,336.15,335.24,335.64,2060
2026-09-18T19:00:00+00:00,335.64,336.36,335.48,336.1,1895
2026-09-18T19:30:00+00:00,336.1,336.79,335.46,335.69,3994
2026-09-21T13:30:00+00:00,335.69,336.09,332.89,335.69,12264
2026-09-21T14:00:00+00:00,335.69,337.66,335.52,337.17,9348
2026-09-21T14:30:00+00:00,337.17,338.07,336.18,336.82,8500
2026-09-21T15:00:00+00:00,336.82,337.79,336.57,336.89,7107
2026-09-21T15:30:00+00:00,336.89,338.36,336.75,337.61,5961
2026-09-21T16:00:00+00:00,337.61,338.85,337.39,338.34,6905
2026-09-21T16:30:00+00:00,338.34,339.14,338.28,338.59,4766
2026-09-21T17:00:00+00:00,338.59,339,338.29,338.62,4251
2026-09-21T17:30:00+00:00,338.62,338.66,337.96,338.09,4282
2026-09-21T18:00:00+00:00,338.09,339,337.6,338.79,4904
2026-09-21T18:30:00+00:00,338.79,338.97,338.35,338.56,5137
2026-09-21T19:00:00+00:00,338.56,339.44,338.04,339.24,4692
2026-09-21T19:30:00+00:00,339.24,339.5,338.62,338.9,4828
2026-09-22T13:30:00+00:00,338.9,345.22,338.9,340.59,8283
2026-09-22T14:00:00+00:00,340.59,340.76,338.61,340.25,8084
2026-09-22T14:30:00+00:00,340.25,342.72,339.32,342.51,7104
2026-09-22T15:00:00+00:00,342.51,343.7,342.39,343.32,6978
2026-09-22T15:30:00+00:00,343.32,343.48,341.74,341.95,5242
2026-09-22T16:00:00+00:00,341.95,343.05,341.61,342.38,4604
2026-09-22T16:30:00+00:00,342.38,342.74,341.99,342.01,3830
2026-09-22T17:00:00+00:00,342.01,342.33,341.06,341.41,3528
2026-09-22T17:30:00+00:00,341.41,341.44,340.38,340.93,4337
2026-09-22T18:00:00+00:00,340.93,341.44,340.4,340.87,4161
2026-09-22T18:30:00+00:00,340.87,341.35,339.89,340.13,3745
2026-09-22T19:00:00+00:00,340.13,340.29,339.76,339.97,3846
2026-09-22T19:30:00+00:00,339.97,340.49,339.03,339.65,5902
2026-09-23T13:30:00+00:00,339.65,341.62,336.87,337.35,7963
2026-09-23T14:00:00+00:00,337.35,338.08,336.25,337.12,7310
2026-09-23T14:30:00+00:00,337.12,338.38,336.7,337.9,5760
2026-09-23T15:00:00+00:00,337.98,338.45,335.79,335.99,4724
2026-09-23T15:30:00+00:00,335.99,337.03,335.85,336.85,4514
2026-09-23T16:00:00+00:00,336.85,337.09,336.48,336.61,3158
2026-09-23T16:30:00+00:00,336.61,336.92,336.39,336.69,2597
2026-09-23T17:00:00+00:00,336.69,337.83,336.6,336.68,3629
2026-09-23T17:30:00+00:00,336.68,337.55,336.6,337.44,3527
2026-09-23T18:00:00+00:00,337.44,337.46,336.44,336.9,2937
2026-09-23T18:30:00+00:00,336.9,337.26,336.57,337.01,2487
2026-09-23T19:00:00+00:00,337.01,337.1,336.07,336.2,2312
2026-09-23T19:30:00+00:00,336.2,336.99,335.49,336.87,4277
2026-09-24T13:30:00+00:00,336.87,337.31,334.17,337.13,5205
2026-09-24T14:00:00+00:00,337.13,338.1,336.59,337.27,4762
2026-09-24T14:30:00+00:00,337.27,337.41,335.89,336.07,3762
2026-09-24T15:00:00+00:00,336.07,336.5,335.51,335.94,3660
2026-09-24T15:30:00+00:00,335.94,336.57,335.68,336.32,2474
2026-09-24T16:00:00+00:00,336.32,338.77,336.32,337.73,4159
2026-09-24T16:30:00+00:00,337.73,338.45,337.32,338.31,3282
2026-09-24T17:00:00+00:00,338.31,338.37,337.6,338,3738
2026-09-24T17:30:00+00:00,338,338.12,336.45,337.02,3002
2026-09-24T18:00:00+00:00,337.02,337.72,336.45,337.38,2933
2026-09-24T18:30:00+00:00,337.38,337.65,336.98,337.15,2179
2026-09-24T19:00:00+00:00,337.15,337.92,336.84,337.51,1796
2026-09-24T19:30:00+00:00,337.51,337.56,335.45,335.84,3435
2026-09-25T13:30:00+00:00,335.84,336.38,334.4,335.86,7097
2026-09-25T14:00:00+00:00,335.86,336.3,334.5,336.22,6645
2026-09-25T14:30:00+00:00,336.22,337.57,336.04,337.34,6059
2026-09-25T15:00:00+00:00,337.34,338.5,336.83,338.24,4636
2026-09-25T15:30:00+00:00,338.24,339.38,337.99,339.33,4662
2026-09-25T16:00:00+00:00,339.33,340.11,339.01,339.93,4185
2026-09-25T16:30:00+00:00,339.93,340.07,338.78,339.12,3634
2026-09-25T17:00:00+00:00,339.12,339.98,339.03,339.94,2713
2026-09-25T17:30:00+00:00,339.94,340.32,339.62,339.83,2829
2026-09-25T18:00:00+00:00,339.83,340.14,339.43,339.71,2476
2026-09-25T18:30:00+00:00,339.71,340.27,339.65,340.05,2249
2026-09-25T19:00:00+00:00,340.05,340.35,339.75,339.87,2042
2026-09-25T19:30:00+00:00,339.87,341.54,339.76,340.9,3531
